order_id,customer_id,order_date,status,total_amount,created_at,updated_at
484d08e4-a173-4a51-9345-0cfbb09c2a0b,1d51a20a-8b45-498f-a9ef-0f24b2011a94,2025-09-21T09:21:02.527965,shipped,303.46,2025-09-21T09:21:02.527965,2025-09-21T09:21:02.527965
77a4007e-a84f-45aa-a0e8-a15d8f659ca6,ec970dff-0e9d-4782-b16c-866768c08865,2025-09-21T00:34:05.262584,cancelled,11.25,2025-09-21T00:34:05.262584,2025-09-21T00:34:05.262584
37479bd0-e7d3-425e-9f35-e755952ca789,3ed85464-c634-4998-a4ce-efacd028ca85,2025-09-20T18:15:23.109090,pending,90.72,2025-09-20T18:15:23.109090,2025-09-20T18:15:23.109090
1303599a-76e6-4809-bfa6-7d1a911e59bb,03113851-19a4-40f8-964a-8450b031280e,2025-09-20T22:58:34.459185,pending,55.24,2025-09-20T22:58:34.459185,2025-09-20T22:58:34.459185
b5961bb0-da51-4586-b406-48eba9bda282,bb7b9a18-0a16-4d3b-b822-fa8bb8f1e2e9,2025-09-20T18:49:06.800176,cancelled,149.92,2025-09-20T18:49:06.800176,2025-09-20T18:49:06.800176
ba561d99-88ad-4735-a423-cd6152d14cb5,71c1d676-58cd-4dff-8077-baa7e6463f3b,2025-09-21T04:29:17.502753,pending,159.4,2025-09-21T04:29:17.502753,2025-09-21T04:29:17.502753
44d6277d-49bd-49cd-a226-34d8dcb5f18a,240c7d59-f08d-4aeb-a1aa-ff50e2990978,2025-09-21T05:49:49.947224,delivered,171.43,2025-09-21T05:49:49.947224,2025-09-21T05:49:49.947224
e9451f3c-8af7-4870-98d3-934c89f1d8f2,ce016bbe-1d6d-470a-a7eb-dc0febc66b0a,2025-09-21T03:52:53.537364,pending,38.34,2025-09-21T03:52:53.537364,2025-09-21T03:52:53.537364
4864b3cd-6654-4b4a-8f63-65318751f37b,940f6578-3344-4692-8fae-7d41ddc047bb,2025-09-21T02:17:59.719230,shipped,176.35,2025-09-21T02:17:59.719230,2025-09-21T02:17:59.719230
24f49503-24bd-4157-af51-76999b009fa4,3cd4e7a9-9aa4-449c-86ff-edd777966231,2025-09-21T07:04:20.177681,pending,113.9,2025-09-21T07:04:20.177681,2025-09-21T07:04:20.177681
54f3600a-2d96-4fd5-9d17-5b50886911e3,1322a9ff-0514-49e4-b400-bc69bf5a558c,2025-09-20T13:02:02.248740,cancelled,150.82,2025-09-20T13:02:02.248740,2025-09-20T13:02:02.248740
813be54e-257d-41ab-b587-5a36ccd63344,0bb16dc4-8e39-4c66-9fe0-fb2384930794,2025-09-21T07:08:00.728160,cancelled,115.02,2025-09-21T07:08:00.728160,2025-09-21T07:08:00.728160
d42cb8f7-c785-4d61-b927-17fd97932e40,31f09f52-0218-484c-bb58-e4c2ea466e29,2025-09-21T06:58:06.249916,delivered,33.75,2025-09-21T06:58:06.249916,2025-09-21T06:58:06.249916
5d24532a-c4ab-4270-b976-66d406aa57ce,fb46c96c-18aa-4413-afd1-84f530823051,2025-09-20T19:09:31.377294,shipped,19.56,2025-09-20T19:09:31.377294,2025-09-20T19:09:31.377294
5a672145-6545-4f68-992a-d972e306ba1d,4d17fc37-3cca-4e38-b924-4e5cebddf05d,2025-09-20T18:35:13.891150,cancelled,23.48,2025-09-20T18:35:13.891150,2025-09-20T18:35:13.891150
4e9b36a4-6a2a-43fd-9dd1-ebc2be81d73e,88c242d1-8e2e-4874-b588-80af75f2cfdf,2025-09-21T10:43:02.048547,pending,127.71,2025-09-21T10:43:02.048547,2025-09-21T10:43:02.048547
7c07b9f7-da04-4712-8a60-55df06e5372e,368f5686-a455-43d8-959a-8a5ef21cc4c8,2025-09-20T21:39:21.495799,delivered,194.76,2025-09-20T21:39:21.495799,2025-09-20T21:39:21.495799
414989a1-2df1-4572-afb0-8bd38d3e595d,fb46c96c-18aa-4413-afd1-84f530823051,2025-09-20T18:28:55.305461,delivered,303.56,2025-09-20T18:28:55.305461,2025-09-20T18:28:55.305461
9b84537d-ff56-4bf1-8ea5-540c9ac510d5,ebf7027d-a841-41b1-91d8-851e2d862297,2025-09-20T12:46:03.737741,shipped,208.27,2025-09-20T12:46:03.737741,2025-09-20T12:46:03.737741
f16f1cc7-794a-494c-89da-612c689f7f3d,0f5acf22-3eed-4b32-8ca7-bc41aa9681f3,2025-09-20T21:38:50.285755,cancelled,170.62,2025-09-20T21:38:50.285755,2025-09-20T21:38:50.285755
679df98f-9ae4-465b-a07e-a356e73029fa,0a8c22e7-2cec-4f0c-a632-b3dbacde68d4,2025-09-20T16:21:03.187381,pending,30.6,2025-09-20T16:21:03.187381,2025-09-20T16:21:03.187381
403cc3ed-77e9-40ee-a42c-90c0b37eaf93,c33be688-4285-4a98-8330-b55494af9528,2025-09-21T02:19:12.875702,pending,107.22,2025-09-21T02:19:12.875702,2025-09-21T02:19:12.875702
750b5c9d-c4c1-42bf-af8c-f10cb8664c6b,b9599654-2bf2-48e8-bd06-ac822400e392,2025-09-20T15:16:14.925428,cancelled,222.36,2025-09-20T15:16:14.925428,2025-09-20T15:16:14.925428
3322e343-13ca-40e7-9fb6-fb044e45cbfe,3167c06b-9dbe-4628-b388-75269d04d47b,2025-09-21T03:01:22.818735,delivered,92.24,2025-09-21T03:01:22.818735,2025-09-21T03:01:22.818735
1571e4b6-2651-4ac6-96a8-6b254dec2518,5b980398-2f45-41a3-9b7b-2f72a332e173,2025-09-21T09:51:16.650828,pending,117.87,2025-09-21T09:51:16.650828,2025-09-21T09:51:16.650828
dd88f24b-a9e8-4889-96e1-b3116e6eee99,78f7c342-38fe-4aca-885d-66a2bd2bb999,2025-09-20T16:58:22.814511,cancelled,104.05,2025-09-20T16:58:22.814511,2025-09-20T16:58:22.814511
143a192e-84ea-4f25-93de-c250ce29116a,3199710d-a77d-40aa-a6ee-b87404f1deaf,2025-09-21T12:22:55.179610,cancelled,117.87,2025-09-21T12:22:55.179610,2025-09-21T12:22:55.179610
85e8ddac-7064-4db2-b5ef-fe274d2a7a86,b35fa0f9-4d01-4544-8d45-733b46a9a293,2025-09-20T17:15:09.991674,pending,62.44,2025-09-20T17:15:09.991674,2025-09-20T17:15:09.991674
130c351f-a03a-4824-bf52-3314dac8149e,4d17fc37-3cca-4e38-b924-4e5cebddf05d,2025-09-21T02:05:19.294211,pending,67.22,2025-09-21T02:05:19.294211,2025-09-21T02:05:19.294211
73c362ef-330a-4a89-be03-156a96e9d7c7,48ad1167-1e69-4eb3-97b7-9e325c2a3fa1,2025-09-21T11:05:04.598775,cancelled,179.94,2025-09-21T11:05:04.598775,2025-09-21T11:05:04.598775
c9589528-4495-4513-ab07-0e476fda71fc,ff2e0e91-b752-4356-8c82-cf64351324ab,2025-09-21T06:08:05.752164,shipped,54.66,2025-09-21T06:08:05.752164,2025-09-21T06:08:05.752164
4e1c241e-ba7f-4db2-bfc7-7dbdd99d87bd,48ad1167-1e69-4eb3-97b7-9e325c2a3fa1,2025-09-21T12:31:53.093445,pending,186.93,2025-09-21T12:31:53.093445,2025-09-21T12:31:53.093445
826cce83-14cd-4c56-b817-09ce67c2ebdc,531e99e8-d9b0-4e0b-bcea-814b28d1361c,2025-09-21T08:40:00.692720,cancelled,143.82,2025-09-21T08:40:00.692720,2025-09-21T08:40:00.692720
1c620015-e809-45cb-9c09-297ca280564e,db8423eb-c02b-444a-8e03-730d7b3e7833,2025-09-20T19:11:10.348479,delivered,136.64,2025-09-20T19:11:10.348479,2025-09-20T19:11:10.348479
afa24f43-f3a5-4db1-bec9-561dae735ab5,0e98f1be-f3b4-407f-996f-658274b76ef2,2025-09-20T16:51:34.838920,shipped,66.72,2025-09-20T16:51:34.838920,2025-09-20T16:51:34.838920
2775fe0c-ab80-4316-a31b-7cdfa658c42d,7de9498a-1692-4936-93f1-e8166efc246a,2025-09-21T05:35:38.031906,cancelled,183.84,2025-09-21T05:35:38.031906,2025-09-21T05:35:38.031906
8f918bbd-d91e-401c-95fe-31e7197fcc88,37a8fa8c-6992-4f3a-8d73-efee0ae64c8e,2025-09-20T18:31:45.690117,cancelled,123.07,2025-09-20T18:31:45.690117,2025-09-20T18:31:45.690117
63fa295d-bf74-4434-8a59-0f586363d2e5,0f5acf22-3eed-4b32-8ca7-bc41aa9681f3,2025-09-21T08:02:16.849006,pending,103.8,2025-09-21T08:02:16.849006,2025-09-21T08:02:16.849006
a4c645d9-9fdd-4db9-9ad3-5d6e071ab299,2f674f7a-2113-45c0-b1cc-7d3805ee02b0,2025-09-20T13:39:20.635011,pending,39.57,2025-09-20T13:39:20.635011,2025-09-20T13:39:20.635011
c3724769-6e1b-4711-9cb5-f650bc44d674,c6391ac6-056d-4567-9e8c-b3a0f1641db6,2025-09-20T15:26:32.045215,delivered,120.33,2025-09-20T15:26:32.045215,2025-09-20T15:26:32.045215
ed6f82a7-93cc-43f6-a7aa-5fda8ee96a12,0bb16dc4-8e39-4c66-9fe0-fb2384930794,2025-09-20T15:54:13.415153,pending,206.48,2025-09-20T15:54:13.415153,2025-09-20T15:54:13.415153
9043cbe7-3bcc-4d8a-9858-6954ef0af4a8,b9599654-2bf2-48e8-bd06-ac822400e392,2025-09-21T07:40:14.713824,cancelled,152.06,2025-09-21T07:40:14.713824,2025-09-21T07:40:14.713824
ea3648c4-df99-4e66-a77f-9aac40e26014,86f447b4-a7a0-4a84-afad-63ba28861066,2025-09-20T20:31:50.514450,cancelled,151.83,2025-09-20T20:31:50.514450,2025-09-20T20:31:50.514450
e05421d9-dd64-4484-8e2e-578c88f2d49b,ca268dad-13e6-425c-a65b-78a5a672b548,2025-09-21T07:49:02.469873,shipped,204.87,2025-09-21T07:49:02.469873,2025-09-21T07:49:02.469873
b9795708-a3aa-495c-9e65-531ea7a483aa,83267e69-2582-48f7-a63d-346c81a72b85,2025-09-21T09:17:22.526196,cancelled,236.45,2025-09-21T09:17:22.526196,2025-09-21T09:17:22.526196
485f5e8a-2b74-46d4-9080-71054c078c1c,d032f6ed-9b8a-4ce3-be4e-255b2168dd50,2025-09-20T21:34:54.443202,cancelled,42.86,2025-09-20T21:34:54.443202,2025-09-20T21:34:54.443202
6d74d98b-18d8-45cc-82a9-4ce7c636dd2e,0c9c8fdf-0369-4876-955f-87592202bd01,2025-09-21T10:01:36.982198,shipped,181.3,2025-09-21T10:01:36.982198,2025-09-21T10:01:36.982198
617f05c7-81ef-47d3-90c0-295879df8095,c36edc17-8cb5-4efb-8ce8-127621e1ce82,2025-09-21T04:27:34.250113,delivered,111.28,2025-09-21T04:27:34.250113,2025-09-21T04:27:34.250113
66bbd9c4-8c6c-4fad-a6d7-aff1d8e8b8a3,240c7d59-f08d-4aeb-a1aa-ff50e2990978,2025-09-21T10:49:12.168801,shipped,80.86,2025-09-21T10:49:12.168801,2025-09-21T10:49:12.168801
fbd0bd38-3b8d-4027-97c9-f315cfa3c275,88913f8b-8a74-48ca-bf57-61617a4a630c,2025-09-21T02:41:25.853308,cancelled,85.9,2025-09-21T02:41:25.853308,2025-09-21T02:41:25.853308
79e4b055-9d85-459f-b987-34989be29093,64f0d41b-f397-4577-9787-8dfa631159d6,2025-09-20T14:25:41.175777,pending,290.62,2025-09-20T14:25:41.175777,2025-09-20T14:25:41.175777
8af33716-71c0-4899-93b1-43620de70118,ae7ebdfa-0029-4ab7-8a04-3f2a914621ff,2025-09-21T03:24:55.275048,delivered,314.57,2025-09-21T03:24:55.275048,2025-09-21T03:24:55.275048
28436949-b7eb-40e4-bf39-abd7379a7be1,cc759f8b-0a40-4739-b733-74c183f182c6,2025-09-21T00:22:24.832030,pending,33.92,2025-09-21T00:22:24.832030,2025-09-21T00:22:24.832030
f6f9dfb2-dd10-46dc-abb5-d833a3b48883,d5213c2e-5854-4b0b-b702-4ccb3c18969f,2025-09-21T06:34:26.176943,shipped,142.91,2025-09-21T06:34:26.176943,2025-09-21T06:34:26.176943
88bf7a77-87e7-4253-b95b-1f3760d4832d,dd8d1361-47be-4258-a801-1f690c98fb80,2025-09-20T18:33:32.566122,pending,99.97,2025-09-20T18:33:32.566122,2025-09-20T18:33:32.566122
1e4dd26e-5099-40f4-95f7-d4748433d02b,3e516e0f-f497-4f91-ae37-757781127b4b,2025-09-21T05:06:51.887253,delivered,241.72,2025-09-21T05:06:51.887253,2025-09-21T05:06:51.887253
533472ea-ecec-4f5a-be81-1fc0933ae193,368f5686-a455-43d8-959a-8a5ef21cc4c8,2025-09-20T17:45:25.693974,delivered,189.71,2025-09-20T17:45:25.693974,2025-09-20T17:45:25.693974
2285dea2-526a-460b-953d-7c843f6c4633,53933bf4-0586-46c7-9621-596687af160e,2025-09-21T00:57:02.568129,cancelled,27.0,2025-09-21T00:57:02.568129,2025-09-21T00:57:02.568129
0edd271c-7093-42ec-9c60-02f89fbc0f18,ec350dbd-0cc4-4cd8-aad9-70039b1c6274,2025-09-21T08:20:01.773624,cancelled,79.7,2025-09-21T08:20:01.773624,2025-09-21T08:20:01.773624
37954660-9ddb-48f9-a790-97731e655f46,58614965-7f81-4b14-8e17-64054d8f6031,2025-09-21T06:37:37.167199,shipped,180.85,2025-09-21T06:37:37.167199,2025-09-21T06:37:37.167199
a35bfb53-52a0-4f05-b65f-220884990583,3ed85464-c634-4998-a4ce-efacd028ca85,2025-09-21T09:22:16.791133,delivered,82.9,2025-09-21T09:22:16.791133,2025-09-21T09:22:16.791133
ffc88a94-ae02-47c5-86ee-400c023a4d0e,cc759f8b-0a40-4739-b733-74c183f182c6,2025-09-21T10:06:35.784834,pending,272.47,2025-09-21T10:06:35.784834,2025-09-21T10:06:35.784834
b67e8631-2b5d-45f6-b68c-2eec26ca172b,53127422-6ff8-4cd4-9078-179f1de25a77,2025-09-20T17:03:11.693862,cancelled,274.62,2025-09-20T17:03:11.693862,2025-09-20T17:03:11.693862
5988ec44-6b6e-472a-a547-e289795b2c2d,f5396fec-4a54-4f26-a8dd-98dc0bbfe40e,2025-09-20T15:08:14.821916,delivered,237.45,2025-09-20T15:08:14.821916,2025-09-20T15:08:14.821916
377b0bc9-72db-4801-b723-3e0dc2071111,37a8fa8c-6992-4f3a-8d73-efee0ae64c8e,2025-09-21T07:09:16.675913,cancelled,231.19,2025-09-21T07:09:16.675913,2025-09-21T07:09:16.675913
268dab6e-1366-4247-8eca-82c8ee7a4f8f,86f447b4-a7a0-4a84-afad-63ba28861066,2025-09-21T01:28:38.119187,cancelled,33.61,2025-09-21T01:28:38.119187,2025-09-21T01:28:38.119187
234df97e-4ffa-4b23-93c0-7dea602db354,f9746f4b-7e2c-43fe-8877-59b59abdf9aa,2025-09-21T02:35:22.883123,shipped,44.48,2025-09-21T02:35:22.883123,2025-09-21T02:35:22.883123
e3f8a239-9a53-4092-ac32-4691c2de6ea6,53933bf4-0586-46c7-9621-596687af160e,2025-09-20T22:01:06.361025,shipped,206.44,2025-09-20T22:01:06.361025,2025-09-20T22:01:06.361025
024df98f-b616-4844-a0ce-e4d3ec98487c,fc7274a0-b820-4a40-a9f5-27396a441484,2025-09-20T17:56:20.199002,delivered,235.21,2025-09-20T17:56:20.199002,2025-09-20T17:56:20.199002
36ad63cf-11a8-4c19-ab73-92826438a871,dd8d1361-47be-4258-a801-1f690c98fb80,2025-09-20T20:59:02.519858,pending,135.23,2025-09-20T20:59:02.519858,2025-09-20T20:59:02.519858
c20a4d15-b0e8-4d36-91c1-b1115d3b5d23,d175959d-9dfc-4dff-9bee-9fb06e78c0f1,2025-09-20T21:56:54.768921,pending,237.93,2025-09-20T21:56:54.768921,2025-09-20T21:56:54.768921
fb53704a-fbec-48cf-ba92-a914197ab56a,fc7274a0-b820-4a40-a9f5-27396a441484,2025-09-20T20:48:38.266820,cancelled,92.97,2025-09-20T20:48:38.266820,2025-09-20T20:48:38.266820
4d92253f-4117-4d04-9292-900780901866,1bf7a504-8e04-464f-9af1-06ce1001c25a,2025-09-20T21:52:29.850789,pending,16.69,2025-09-20T21:52:29.850789,2025-09-20T21:52:29.850789
6846a742-1251-4bd8-81bb-68c1bd3b322d,b433521c-166e-48a5-8479-f12a8b3ab381,2025-09-20T15:56:16.643386,delivered,40.53,2025-09-20T15:56:16.643386,2025-09-20T15:56:16.643386
0f891221-a05c-4674-ab92-0958ea4dd0e3,06fe77ce-7c3f-4d62-994c-3d854b074fbe,2025-09-21T06:42:44.141768,cancelled,86.66,2025-09-21T06:42:44.141768,2025-09-21T06:42:44.141768
5c71190d-9954-4406-938e-f26ac6452098,0e98f1be-f3b4-407f-996f-658274b76ef2,2025-09-20T21:04:38.964313,pending,106.42,2025-09-20T21:04:38.964313,2025-09-20T21:04:38.964313
f2da5df0-a6b9-4507-b304-c02909e5f6f9,1d51a20a-8b45-498f-a9ef-0f24b2011a94,2025-09-20T15:19:23.711026,cancelled,56.58,2025-09-20T15:19:23.711026,2025-09-20T15:19:23.711026
05f3c0ce-3bb2-4608-a38d-dc0590141a1a,c3b2c643-ca9a-4e61-be3c-e4aaef0922f7,2025-09-20T22:58:55.562527,cancelled,115.89,2025-09-20T22:58:55.562527,2025-09-20T22:58:55.562527
094363cf-a19e-400e-a388-fd1f902049a0,3ed85464-c634-4998-a4ce-efacd028ca85,2025-09-20T13:57:37.706859,pending,135.99,2025-09-20T13:57:37.706859,2025-09-20T13:57:37.706859
1fbfa527-e689-4714-9934-9df7a0274839,db8423eb-c02b-444a-8e03-730d7b3e7833,2025-09-20T17:03:44.809030,cancelled,174.42,2025-09-20T17:03:44.809030,2025-09-20T17:03:44.809030
625d042d-2b8b-4411-bd96-182eab05abb2,cc759f8b-0a40-4739-b733-74c183f182c6,2025-09-21T11:19:54.985019,delivered,277.18,2025-09-21T11:19:54.985019,2025-09-21T11:19:54.985019
8c4c5e68-caf8-4dee-b150-c0372a3a1704,88c242d1-8e2e-4874-b588-80af75f2cfdf,2025-09-21T05:21:53.319770,shipped,43.16,2025-09-21T05:21:53.319770,2025-09-21T05:21:53.319770
69e7d814-8d8b-413e-a509-836c27cd64a8,1d51a20a-8b45-498f-a9ef-0f24b2011a94,2025-09-21T10:30:30.933442,pending,184.97,2025-09-21T10:30:30.933442,2025-09-21T10:30:30.933442
0aa3c716-daaa-43e3-91e6-41983da46020,5ee8a32f-500b-43dd-b4fd-5ce62fe9a845,2025-09-21T05:30:29.298180,cancelled,199.05,2025-09-21T05:30:29.298180,2025-09-21T05:30:29.298180
725efe09-43d8-4001-b922-620ac58addab,4d17fc37-3cca-4e38-b924-4e5cebddf05d,2025-09-21T07:42:50.399006,cancelled,49.62,2025-09-21T07:42:50.399006,2025-09-21T07:42:50.399006
e01ba3ab-4a88-4051-b67c-56580ff2ca38,c33be688-4285-4a98-8330-b55494af9528,2025-09-20T20:06:11.564206,pending,85.72,2025-09-20T20:06:11.564206,2025-09-20T20:06:11.564206
9941bf4d-7116-424b-baa0-96d42c799e60,88913f8b-8a74-48ca-bf57-61617a4a630c,2025-09-21T11:42:46.717574,cancelled,125.0,2025-09-21T11:42:46.717574,2025-09-21T11:42:46.717574
4a1dd953-c1c5-4d17-be51-992b7caf567f,ec91c808-d252-4faf-b8e4-10fad36558cb,2025-09-20T17:38:05.949848,cancelled,201.14,2025-09-20T17:38:05.949848,2025-09-20T17:38:05.949848
195068cf-9331-492c-9152-598ca8ca5b19,3167c06b-9dbe-4628-b388-75269d04d47b,2025-09-21T02:46:47.136610,cancelled,251.11,2025-09-21T02:46:47.136610,2025-09-21T02:46:47.136610
5cd6d193-f1bd-41ed-92b7-13173c12c59e,b433521c-166e-48a5-8479-f12a8b3ab381,2025-09-20T23:17:14.038697,cancelled,39.85,2025-09-20T23:17:14.038697,2025-09-20T23:17:14.038697
bcc466ce-8f23-4daa-8f4a-186743851670,fc7274a0-b820-4a40-a9f5-27396a441484,2025-09-21T09:27:58.160768,shipped,166.32,2025-09-21T09:27:58.160768,2025-09-21T09:27:58.160768
35f8e281-9dbd-40cd-9db3-fa5a8e5525d2,0a8c22e7-2cec-4f0c-a632-b3dbacde68d4,2025-09-20T21:17:45.154777,pending,190.85,2025-09-20T21:17:45.154777,2025-09-20T21:17:45.154777
2fe144c8-1ed7-4fe8-bc57-bdce5de5266d,90aa4f9a-61aa-4269-a738-a73a2f1adc78,2025-09-21T00:50:29.854470,delivered,95.94,2025-09-21T00:50:29.854470,2025-09-21T00:50:29.854470
26fe3fbf-e492-49d7-903c-6b1696f6cf21,ca268dad-13e6-425c-a65b-78a5a672b548,2025-09-21T05:11:40.584063,pending,86.21,2025-09-21T05:11:40.584063,2025-09-21T05:11:40.584063
f55f2b6e-6c91-496f-8221-c2c6d9a1d245,e4186dad-2047-4f48-a576-ae050e559ef2,2025-09-20T22:28:50.836314,pending,39.29,2025-09-20T22:28:50.836314,2025-09-20T22:28:50.836314
614cb98b-357d-4de5-8dba-5791172b15d8,54a9effc-32fa-4540-a32f-382c6fa6533d,2025-09-20T19:05:10.153182,pending,131.19,2025-09-20T19:05:10.153182,2025-09-20T19:05:10.153182
848dd28d-5db7-414c-bc7a-f1e27837f976,625b732e-32a2-4b54-9ced-7eb4d66f181c,2025-09-20T16:14:38.181788,pending,285.76,2025-09-20T16:14:38.181788,2025-09-20T16:14:38.181788
3d707ff3-435e-4722-a4a1-e7beaea70e15,c6391ac6-056d-4567-9e8c-b3a0f1641db6,2025-09-20T17:08:26.404261,shipped,36.64,2025-09-20T17:08:26.404261,2025-09-20T17:08:26.404261
23318e57-cd76-4a3b-a9b6-a32fe5dc2f86,1d51a20a-8b45-498f-a9ef-0f24b2011a94,2025-09-20T20:39:27.483374,shipped,93.28,2025-09-20T20:39:27.483374,2025-09-20T20:39:27.483374
fe2a2dd2-0197-4562-b5b8-efab83950cd7,dd8d1361-47be-4258-a801-1f690c98fb80,2025-09-21T11:54:55.232507,delivered,337.23,2025-09-21T11:54:55.232507,2025-09-21T11:54:55.232507
08ec1ec2-3fd7-4dca-b8db-cdf3b77b29a8,5f49ed9e-8b87-4826-a010-eaeed780549c,2025-09-21T01:38:20.158273,pending,71.3,2025-09-21T01:38:20.158273,2025-09-21T01:38:20.158273
2341920e-4923-44e6-8d56-934b8f184892,c05d5a37-2587-4aed-b43f-aab25cb58979,2025-09-20T21:49:14.919707,pending,134.44,2025-09-20T21:49:14.919707,2025-09-20T21:49:14.919707
40f90318-0968-4964-94c1-1c6f80dd3ed5,3bbbc859-d7f9-4890-9dce-ae607d998936,2025-09-21T07:02:58.055700,shipped,335.83,2025-09-21T07:02:58.055700,2025-09-21T07:02:58.055700
c6c8b836-0ab6-4cef-9295-c8557b8b11af,78f7dc25-12af-4def-93c2-1c4885d9a1d2,2025-09-21T00:31:04.280323,delivered,85.72,2025-09-21T00:31:04.280323,2025-09-21T00:31:04.280323
002b0bab-0211-44a1-8a88-145867c06f36,03113851-19a4-40f8-964a-8450b031280e,2025-09-21T10:22:40.589556,cancelled,151.48,2025-09-21T10:22:40.589556,2025-09-21T10:22:40.589556
81fb385c-cb2b-4502-b4e7-3705ace768fe,3167c06b-9dbe-4628-b388-75269d04d47b,2025-09-21T09:16:56.436179,shipped,19.12,2025-09-21T09:16:56.436179,2025-09-21T09:16:56.436179
3135f3d3-630c-46a2-a087-55a88e56b983,71c1d676-58cd-4dff-8077-baa7e6463f3b,2025-09-20T18:37:35.030877,cancelled,128.58,2025-09-20T18:37:35.030877,2025-09-20T18:37:35.030877
33b56a3e-e29b-493a-8c84-858618a282fb,560bad55-e27c-4998-b4c0-ed11cd7d60d6,2025-09-20T20:51:56.106246,cancelled,62.64,2025-09-20T20:51:56.106246,2025-09-20T20:51:56.106246
783554ba-d61a-42b0-8705-f113d3f1a2d1,d6cb507c-261c-48a8-b125-c4cbf0f5185d,2025-09-20T23:54:27.997849,cancelled,138.4,2025-09-20T23:54:27.997849,2025-09-20T23:54:27.997849
d94a3dc5-4a65-42a2-8064-0d911763be5a,31f09f52-0218-484c-bb58-e4c2ea466e29,2025-09-20T15:48:33.900657,delivered,271.98,2025-09-20T15:48:33.900657,2025-09-20T15:48:33.900657
591c724d-e1a2-4c4b-ae10-fecacafc3cae,368f5686-a455-43d8-959a-8a5ef21cc4c8,2025-09-20T23:56:02.894862,delivered,219.74,2025-09-20T23:56:02.894862,2025-09-20T23:56:02.894862
50e8add7-ff50-4414-a6b1-dc08aa09b992,ca268dad-13e6-425c-a65b-78a5a672b548,2025-09-20T13:11:54.202519,cancelled,39.96,2025-09-20T13:11:54.202519,2025-09-20T13:11:54.202519
06284a59-eaaa-4bb9-96c5-20c4c49fd3c6,0a8c22e7-2cec-4f0c-a632-b3dbacde68d4,2025-09-21T09:59:33.746277,pending,183.69,2025-09-21T09:59:33.746277,2025-09-21T09:59:33.746277
63794f22-3f94-432c-b920-981144d621e7,37a8fa8c-6992-4f3a-8d73-efee0ae64c8e,2025-09-20T14:14:28.924759,delivered,195.21,2025-09-20T14:14:28.924759,2025-09-20T14:14:28.924759
0bceae52-bf6c-44be-9585-37b68ebd4f4c,4f95b6ac-172d-4138-a6db-8708dac883a9,2025-09-20T15:59:00.348798,cancelled,373.8,2025-09-20T15:59:00.348798,2025-09-20T15:59:00.348798
73f122aa-3bd5-47f5-a198-688533a50896,54a9effc-32fa-4540-a32f-382c6fa6533d,2025-09-21T09:54:09.061676,pending,241.75,2025-09-21T09:54:09.061676,2025-09-21T09:54:09.061676
620c53fa-cb89-4d97-a61c-ffea101c76c0,37bce5ac-fdc0-45d4-b4cb-d44065a08fbb,2025-09-21T04:03:00.675630,shipped,129.75,2025-09-21T04:03:00.675630,2025-09-21T04:03:00.675630
bf3a3775-d3cd-4ef1-911e-4579bb613d9c,48ad1167-1e69-4eb3-97b7-9e325c2a3fa1,2025-09-20T13:01:01.927707,cancelled,301.21,2025-09-20T13:01:01.927707,2025-09-20T13:01:01.927707
2afb6288-75bd-4fde-bffe-25c1f4364380,ec350dbd-0cc4-4cd8-aad9-70039b1c6274,2025-09-20T23:24:56.672958,delivered,127.19,2025-09-20T23:24:56.672958,2025-09-20T23:24:56.672958
c34bb854-d5c2-4634-8ac4-421f6c7412c1,78f7dc25-12af-4def-93c2-1c4885d9a1d2,2025-09-20T21:47:28.304953,cancelled,148.22,2025-09-20T21:47:28.304953,2025-09-20T21:47:28.304953
eedbadae-0978-4153-aa30-b9b54ce14bc3,f6258da5-759a-471a-8896-f08a1812673a,2025-09-20T15:36:58.811025,shipped,107.42,2025-09-20T15:36:58.811025,2025-09-20T15:36:58.811025
aa5c8f40-604f-43dd-8a99-a490a4dedd93,37bce5ac-fdc0-45d4-b4cb-d44065a08fbb,2025-09-20T15:54:53.931702,shipped,267.93,2025-09-20T15:54:53.931702,2025-09-20T15:54:53.931702
5e91a4c0-fe2e-4375-92c8-7eaa6a2fb317,d6cb507c-261c-48a8-b125-c4cbf0f5185d,2025-09-20T21:52:38.371663,delivered,96.22,2025-09-20T21:52:38.371663,2025-09-20T21:52:38.371663
15827df2-359c-460c-a169-0f34cb42ba80,31f09f52-0218-484c-bb58-e4c2ea466e29,2025-09-21T05:47:45.343009,delivered,206.74,2025-09-21T05:47:45.343009,2025-09-21T05:47:45.343009
01d13a3e-df66-4172-8033-6e97bde40ffe,0c9c8fdf-0369-4876-955f-87592202bd01,2025-09-21T00:36:46.913194,delivered,89.52,2025-09-21T00:36:46.913194,2025-09-21T00:36:46.913194
5cb21234-3672-406c-bd39-33dbdf417b67,4a1936c9-69ed-4c7b-ae1b-8811f0d885a7,2025-09-21T07:53:14.204191,shipped,112.85,2025-09-21T07:53:14.204191,2025-09-21T07:53:14.204191
61c3eec3-a5a0-470e-9c93-b5165992bfdd,240c7d59-f08d-4aeb-a1aa-ff50e2990978,2025-09-20T12:46:26.273982,delivered,39.93,2025-09-20T12:46:26.273982,2025-09-20T12:46:26.273982
7bab6ee0-dabb-4b61-96fc-a1b768cc5029,424ec8f2-fdda-4537-9b79-7acfcda707a8,2025-09-21T12:33:18.899358,delivered,198.33,2025-09-21T12:33:18.899358,2025-09-21T12:33:18.899358
aa22230d-74c9-4595-9012-39083865a4d1,1bf7a504-8e04-464f-9af1-06ce1001c25a,2025-09-21T04:06:03.980396,delivered,69.2,2025-09-21T04:06:03.980396,2025-09-21T04:06:03.980396
d124c2d4-e424-4276-8e41-9d1913371685,b839a238-051f-4b07-a634-a834e7e042ed,2025-09-20T12:55:49.734216,pending,151.56,2025-09-20T12:55:49.734216,2025-09-20T12:55:49.734216
89030f8b-d389-419a-bb50-10331c2496f2,71c1d676-58cd-4dff-8077-baa7e6463f3b,2025-09-21T04:28:01.909589,shipped,95.25,2025-09-21T04:28:01.909589,2025-09-21T04:28:01.909589
5a549866-09ee-46ba-8257-b36be8542666,06fe77ce-7c3f-4d62-994c-3d854b074fbe,2025-09-20T20:44:58.703783,delivered,165.84,2025-09-20T20:44:58.703783,2025-09-20T20:44:58.703783
d7e13dea-dad6-4453-84a2-8dd0777a90bd,3cd4e7a9-9aa4-449c-86ff-edd777966231,2025-09-20T15:06:13.896592,shipped,137.86,2025-09-20T15:06:13.896592,2025-09-20T15:06:13.896592
c7489f0c-8111-4761-b376-9cd8e34f9ca3,c33be688-4285-4a98-8330-b55494af9528,2025-09-21T03:51:58.979212,cancelled,94.7,2025-09-21T03:51:58.979212,2025-09-21T03:51:58.979212
6963f747-a461-4cd8-8e32-9f82dba42157,48ad1167-1e69-4eb3-97b7-9e325c2a3fa1,2025-09-21T01:01:21.814344,delivered,84.72,2025-09-21T01:01:21.814344,2025-09-21T01:01:21.814344
a1c303f3-029c-4379-86c6-4b1f8fc90f78,d5213c2e-5854-4b0b-b702-4ccb3c18969f,2025-09-20T15:22:21.102911,pending,61.73,2025-09-20T15:22:21.102911,2025-09-20T15:22:21.102911
887c1a15-e15a-46e0-9ca8-edaf8becdd68,3cd4e7a9-9aa4-449c-86ff-edd777966231,2025-09-21T12:36:24.524347,pending,125.96,2025-09-21T12:36:24.524347,2025-09-21T12:36:24.524347
be9d96e3-7f43-4941-955d-edf21b0e0339,ca268dad-13e6-425c-a65b-78a5a672b548,2025-09-21T10:22:07.372880,cancelled,123.86,2025-09-21T10:22:07.372880,2025-09-21T10:22:07.372880
41d832cc-28f5-4ce1-b817-a37df8fe6cca,64f0d41b-f397-4577-9787-8dfa631159d6,2025-09-21T07:25:03.798063,pending,158.26,2025-09-21T07:25:03.798063,2025-09-21T07:25:03.798063
caa3ffd4-0717-4921-b272-01d4387ff4cb,ec970dff-0e9d-4782-b16c-866768c08865,2025-09-20T22:18:58.818042,delivered,124.22,2025-09-20T22:18:58.818042,2025-09-20T22:18:58.818042
01e5e2c8-704c-4236-9f67-fc19fb8b2ca1,ebf7027d-a841-41b1-91d8-851e2d862297,2025-09-21T02:23:50.595129,cancelled,49.62,2025-09-21T02:23:50.595129,2025-09-21T02:23:50.595129
958ea71b-8d18-4b4b-bff8-d27467f87020,88913f8b-8a74-48ca-bf57-61617a4a630c,2025-09-21T04:35:39.078090,shipped,178.85,2025-09-21T04:35:39.078090,2025-09-21T04:35:39.078090
10c355a1-f2ad-47c6-b127-9cc4bf45cc8c,d032f6ed-9b8a-4ce3-be4e-255b2168dd50,2025-09-21T04:32:31.220083,cancelled,44.1,2025-09-21T04:32:31.220083,2025-09-21T04:32:31.220083
6b0601e4-3e35-49fa-87e9-eb2df34e1297,3bbbc859-d7f9-4890-9dce-ae607d998936,2025-09-20T13:08:31.515246,pending,69.2,2025-09-20T13:08:31.515246,2025-09-20T13:08:31.515246
374709d2-20dc-4e45-90b9-d245f24ebf19,db8423eb-c02b-444a-8e03-730d7b3e7833,2025-09-20T16:21:53.702305,cancelled,44.33,2025-09-20T16:21:53.702305,2025-09-20T16:21:53.702305
4de05e32-bbc1-4def-8f33-6fe7c394fa1c,fc7274a0-b820-4a40-a9f5-27396a441484,2025-09-21T08:49:04.874731,shipped,60.53,2025-09-21T08:49:04.874731,2025-09-21T08:49:04.874731
480534d1-9247-4f6c-8de6-b6f3ded8017d,ca06db2e-8d5b-40e3-ad32-61f893d48b5c,2025-09-21T06:55:45.544051,shipped,142.12,2025-09-21T06:55:45.544051,2025-09-21T06:55:45.544051
cc6e3b9a-1707-4734-8a92-dc3e53737668,53933bf4-0586-46c7-9621-596687af160e,2025-09-20T13:51:14.134860,shipped,116.2,2025-09-20T13:51:14.134860,2025-09-20T13:51:14.134860
08149827-8299-4f9c-ab84-e610576da236,382fec63-29b1-4c37-885e-d4d3218217b6,2025-09-21T01:41:39.807609,cancelled,69.53,2025-09-21T01:41:39.807609,2025-09-21T01:41:39.807609
d12eb69a-1327-4878-8544-65232f2112fa,4f95b6ac-172d-4138-a6db-8708dac883a9,2025-09-20T20:51:14.977046,shipped,125.7,2025-09-20T20:51:14.977046,2025-09-20T20:51:14.977046
b4f43e7e-7965-4681-a26a-28e7352467c3,4d17fc37-3cca-4e38-b924-4e5cebddf05d,2025-09-20T23:20:27.376237,delivered,128.5,2025-09-20T23:20:27.376237,2025-09-20T23:20:27.376237
58d3cf78-4f71-4246-95d7-23d5a7e7daf9,26d64a1f-1a4e-4f6e-8dc9-2691a5c25d02,2025-09-20T18:01:21.000682,pending,116.18,2025-09-20T18:01:21.000682,2025-09-20T18:01:21.000682
34e51520-93eb-4421-999c-efd030c7c5c0,c36edc17-8cb5-4efb-8ce8-127621e1ce82,2025-09-21T10:34:01.430535,cancelled,182.22,2025-09-21T10:34:01.430535,2025-09-21T10:34:01.430535
0a9f68b2-89e6-4bf3-b355-5737479a7be7,4bc1c268-bd3e-4f97-8f0e-3cfae01eb8e1,2025-09-21T09:38:18.184892,pending,21.58,2025-09-21T09:38:18.184892,2025-09-21T09:38:18.184892
16a5e663-f17e-4e1d-8a7a-e24d17c954e9,253b611d-21d5-4480-b56e-6f1285bbe8b0,2025-09-20T19:01:53.136770,cancelled,49.9,2025-09-20T19:01:53.136770,2025-09-20T19:01:53.136770
03b639d8-625c-4502-864b-a72073e4f8e8,c36edc17-8cb5-4efb-8ce8-127621e1ce82,2025-09-20T15:00:54.841069,delivered,161.08,2025-09-20T15:00:54.841069,2025-09-20T15:00:54.841069
cf65f8a3-9c8b-4c9f-8194-21a0689d456e,03113851-19a4-40f8-964a-8450b031280e,2025-09-21T08:06:47.707481,shipped,316.39,2025-09-21T08:06:47.707481,2025-09-21T08:06:47.707481
bd3cb547-38f9-42f4-bb06-c5413a740fca,9afcd405-02f1-4d4d-bd21-3b59a5f27e3d,2025-09-21T03:15:40.822548,pending,124.01,2025-09-21T03:15:40.822548,2025-09-21T03:15:40.822548
19ee7392-2402-41ba-84cc-380d45a85edf,58614965-7f81-4b14-8e17-64054d8f6031,2025-09-20T22:51:56.782114,cancelled,301.53,2025-09-20T22:51:56.782114,2025-09-20T22:51:56.782114
799502bc-2093-4a37-9645-74b29e441395,3199710d-a77d-40aa-a6ee-b87404f1deaf,2025-09-20T14:46:23.961007,pending,133.62,2025-09-20T14:46:23.961007,2025-09-20T14:46:23.961007
8749cf13-cdf8-4149-91a3-22ea968d1d1d,b433521c-166e-48a5-8479-f12a8b3ab381,2025-09-21T10:47:06.245808,delivered,102.52,2025-09-21T10:47:06.245808,2025-09-21T10:47:06.245808
5701e088-51e3-422a-bc71-83f3d82e9546,ec970dff-0e9d-4782-b16c-866768c08865,2025-09-20T15:24:47.988423,delivered,36.49,2025-09-20T15:24:47.988423,2025-09-20T15:24:47.988423
805b7662-ccc9-4b13-abbd-f47ae9f8a66c,940f6578-3344-4692-8fae-7d41ddc047bb,2025-09-20T20:19:31.464385,cancelled,245.69,2025-09-20T20:19:31.464385,2025-09-20T20:19:31.464385
c45dd688-e581-4107-b290-f4f479e093af,49174496-093c-4c7a-b825-d2f770d4119a,2025-09-20T15:19:44.483037,pending,30.99,2025-09-20T15:19:44.483037,2025-09-20T15:19:44.483037
d77554e7-f97f-40d3-895c-78bacb9623ac,d6cb507c-261c-48a8-b125-c4cbf0f5185d,2025-09-20T16:27:58.704841,pending,144.23,2025-09-20T16:27:58.704841,2025-09-20T16:27:58.704841
b6c65b03-5410-4f96-826c-57bc175c1340,9d294e66-b6ed-43ca-a0e1-e507d1bcc13c,2025-09-20T23:21:19.766431,shipped,196.61,2025-09-20T23:21:19.766431,2025-09-20T23:21:19.766431
c9fb9692-7fce-4039-971e-e3eef30a1f64,b9599654-2bf2-48e8-bd06-ac822400e392,2025-09-21T03:29:26.432820,cancelled,160.52,2025-09-21T03:29:26.432820,2025-09-21T03:29:26.432820
fc6ff564-5ae8-4740-b998-c807400dbc75,86f447b4-a7a0-4a84-afad-63ba28861066,2025-09-21T12:13:18.629197,delivered,108.1,2025-09-21T12:13:18.629197,2025-09-21T12:13:18.629197
b0ca7c0e-b880-4fb0-8b1f-86a4b1bf2f30,86f447b4-a7a0-4a84-afad-63ba28861066,2025-09-21T00:58:55.749557,cancelled,30.99,2025-09-21T00:58:55.749557,2025-09-21T00:58:55.749557
6bb55430-532d-4633-870a-5d91b8f20637,48ad1167-1e69-4eb3-97b7-9e325c2a3fa1,2025-09-21T03:18:25.801619,cancelled,63.42,2025-09-21T03:18:25.801619,2025-09-21T03:18:25.801619
06a62864-1846-4334-9a9c-40924e78690d,fb46c96c-18aa-4413-afd1-84f530823051,2025-09-21T08:31:33.612347,pending,120.46,2025-09-21T08:31:33.612347,2025-09-21T08:31:33.612347
59c65e84-12ab-48a8-958f-cdb78ee08bf7,78f7dc25-12af-4def-93c2-1c4885d9a1d2,2025-09-21T02:36:28.958944,delivered,57.72,2025-09-21T02:36:28.958944,2025-09-21T02:36:28.958944
fa9b6de1-fac1-4bb2-b3fa-ff0ff5670fdc,86f447b4-a7a0-4a84-afad-63ba28861066,2025-09-21T09:47:05.759358,shipped,39.04,2025-09-21T09:47:05.759358,2025-09-21T09:47:05.759358
bba840ed-e0e2-44a3-afe1-bafd89e7d7ff,48ad1167-1e69-4eb3-97b7-9e325c2a3fa1,2025-09-21T10:38:03.216985,cancelled,161.88,2025-09-21T10:38:03.216985,2025-09-21T10:38:03.216985
5582f4ee-bd5a-4a5f-819a-e5def236b3d0,b35fa0f9-4d01-4544-8d45-733b46a9a293,2025-09-21T01:04:09.848280,pending,123.46,2025-09-21T01:04:09.848280,2025-09-21T01:04:09.848280
acda1854-91ba-43b5-b38d-80e632f730c9,424ec8f2-fdda-4537-9b79-7acfcda707a8,2025-09-21T08:51:30.064519,shipped,181.68,2025-09-21T08:51:30.064519,2025-09-21T08:51:30.064519
9ec23a1f-6359-4d48-b011-49986519aa6c,f16750e9-9746-4446-bcc1-6a8ed8013323,2025-09-21T02:58:54.252662,cancelled,238.79,2025-09-21T02:58:54.252662,2025-09-21T02:58:54.252662
13fa9f10-ae26-4f89-8946-354e595dc51d,c33be688-4285-4a98-8330-b55494af9528,2025-09-20T22:56:56.253714,pending,199.97,2025-09-20T22:56:56.253714,2025-09-20T22:56:56.253714
7d926963-16fb-48c5-a6be-38e772e85176,86f447b4-a7a0-4a84-afad-63ba28861066,2025-09-20T16:38:15.425781,cancelled,234.61,2025-09-20T16:38:15.425781,2025-09-20T16:38:15.425781
e29b057e-d585-42b9-a588-a79ee65de8a8,64f0d41b-f397-4577-9787-8dfa631159d6,2025-09-20T19:52:41.879200,pending,16.69,2025-09-20T19:52:41.879200,2025-09-20T19:52:41.879200
fd230b75-9c7a-4507-bb61-4b9866d9cc00,37a8fa8c-6992-4f3a-8d73-efee0ae64c8e,2025-09-21T06:37:03.725357,cancelled,48.98,2025-09-21T06:37:03.725357,2025-09-21T06:37:03.725357
56fc7dd8-5249-479a-b128-72713b8bfdd7,513a197a-9d8f-4300-9c18-8b931de2ac61,2025-09-20T23:27:54.048341,shipped,21.58,2025-09-20T23:27:54.048341,2025-09-20T23:27:54.048341
e6008a81-6d1f-41d5-9670-327802cb3792,def12dcd-da02-43e9-a68a-79a4315d7ecf,2025-09-21T00:20:33.442427,shipped,128.11,2025-09-21T00:20:33.442427,2025-09-21T00:20:33.442427
a3f7e47f-9c6c-4ae7-aa51-ba03450a633f,eb812635-06c8-4665-abec-247ff89c9f7d,2025-09-21T10:05:10.499386,pending,199.05,2025-09-21T10:05:10.499386,2025-09-21T10:05:10.499386
d7c15667-44d9-4b34-b128-9c0d77895268,c33be688-4285-4a98-8330-b55494af9528,2025-09-21T03:59:37.594593,cancelled,73.27,2025-09-21T03:59:37.594593,2025-09-21T03:59:37.594593
fdb72199-3d0a-4af3-9639-a883e52f3cdd,f5396fec-4a54-4f26-a8dd-98dc0bbfe40e,2025-09-21T04:18:51.914822,delivered,112.93,2025-09-21T04:18:51.914822,2025-09-21T04:18:51.914822
c9bc77e4-e9ce-4e68-a918-0e9929f79e40,ca06db2e-8d5b-40e3-ad32-61f893d48b5c,2025-09-21T09:26:36.490045,pending,198.16,2025-09-21T09:26:36.490045,2025-09-21T09:26:36.490045
d6233d7a-a79e-4cd7-bb89-8393d56ebe57,49174496-093c-4c7a-b825-d2f770d4119a,2025-09-20T17:25:28.740234,pending,289.72,2025-09-20T17:25:28.740234,2025-09-20T17:25:28.740234
2cfebd6d-851a-427e-a2b9-8c1a888541a0,17702c4a-781a-47a8-a997-3df4107c7172,2025-09-21T10:20:30.876881,delivered,49.9,2025-09-21T10:20:30.876881,2025-09-21T10:20:30.876881
e9356f8b-991b-45a8-9d7d-b169cacac535,3e516e0f-f497-4f91-ae37-757781127b4b,2025-09-20T14:00:44.398193,shipped,161.52,2025-09-20T14:00:44.398193,2025-09-20T14:00:44.398193
01ed237a-1db9-4370-a7ee-2ee91e3501de,1d51a20a-8b45-498f-a9ef-0f24b2011a94,2025-09-21T01:41:43.132108,pending,183.83,2025-09-21T01:41:43.132108,2025-09-21T01:41:43.132108
fff8caa6-f81f-4012-9b9c-4d7b409f9772,4f836d05-c4d3-42ae-973c-a40845914075,2025-09-20T19:00:34.667582,shipped,362.79,2025-09-20T19:00:34.667582,2025-09-20T19:00:34.667582
9d2d520d-c459-4c41-9554-06c7152248aa,49174496-093c-4c7a-b825-d2f770d4119a,2025-09-20T23:55:06.173590,cancelled,33.38,2025-09-20T23:55:06.173590,2025-09-20T23:55:06.173590
debf3a96-1d2d-4ce8-a4a5-3cd7660a8bbe,86f447b4-a7a0-4a84-afad-63ba28861066,2025-09-21T08:04:04.364965,pending,146.54,2025-09-21T08:04:04.364965,2025-09-21T08:04:04.364965
66d08c73-eac5-4597-a3af-12f8a66a5ccc,320050eb-f389-44b0-9f75-ab77719dec56,2025-09-20T19:42:25.723457,shipped,256.64,2025-09-20T19:42:25.723457,2025-09-20T19:42:25.723457
bf8f0881-804c-4395-bf4e-8bf8bcfa19df,88913f8b-8a74-48ca-bf57-61617a4a630c,2025-09-21T06:55:10.080431,cancelled,154.97,2025-09-21T06:55:10.080431,2025-09-21T06:55:10.080431
b22189f2-9236-4cd2-a6bd-500d6b3cc983,ecffe70b-b21c-4e54-af09-99574482a7bf,2025-09-20T19:05:12.266352,shipped,56.42,2025-09-20T19:05:12.266352,2025-09-20T19:05:12.266352
f77692e3-6436-4bd2-91a9-af175b85f886,03113851-19a4-40f8-964a-8450b031280e,2025-09-21T04:08:54.822603,pending,91.77,2025-09-21T04:08:54.822603,2025-09-21T04:08:54.822603
aea99d4c-6de0-4ebb-9b80-db716501d4c1,b6aa377c-6735-49ce-8c53-2fef8aa014e0,2025-09-20T13:56:59.327312,delivered,97.9,2025-09-20T13:56:59.327312,2025-09-20T13:56:59.327312
57fc0073-eb28-431a-9ec2-7126bf4c6d60,ec350dbd-0cc4-4cd8-aad9-70039b1c6274,2025-09-20T16:21:50.179277,cancelled,23.48,2025-09-20T16:21:50.179277,2025-09-20T16:21:50.179277
6770ecd5-5bf1-4d97-9b18-5b4427368534,d032f6ed-9b8a-4ce3-be4e-255b2168dd50,2025-09-21T01:04:27.834457,delivered,217.59,2025-09-21T01:04:27.834457,2025-09-21T01:04:27.834457
2ae3807c-c3d7-4319-af3c-ade09ce6089e,1bf7a504-8e04-464f-9af1-06ce1001c25a,2025-09-20T21:01:56.982233,delivered,21.14,2025-09-20T21:01:56.982233,2025-09-20T21:01:56.982233
66087613-5a35-42fa-b7d3-058867aff543,253b611d-21d5-4480-b56e-6f1285bbe8b0,2025-09-21T09:16:51.762276,shipped,39.29,2025-09-21T09:16:51.762276,2025-09-21T09:16:51.762276
5e3bd027-252c-4d2c-bb47-a3c218a12312,dd8d1361-47be-4258-a801-1f690c98fb80,2025-09-20T23:14:22.228901,delivered,267.77,2025-09-20T23:14:22.228901,2025-09-20T23:14:22.228901
f8ddd1fe-4a5b-4d43-aa2d-6ade616275dd,4f95b6ac-172d-4138-a6db-8708dac883a9,2025-09-21T05:43:20.849432,shipped,15.59,2025-09-21T05:43:20.849432,2025-09-21T05:43:20.849432
1cc7212e-ef92-4160-8770-c3a2be457908,dd8d1361-47be-4258-a801-1f690c98fb80,2025-09-20T19:29:43.309776,shipped,110.21,2025-09-20T19:29:43.309776,2025-09-20T19:29:43.309776
34678e57-727c-4d2a-90c4-f527bb9ff8ad,ca268dad-13e6-425c-a65b-78a5a672b548,2025-09-20T19:22:26.097631,pending,212.54,2025-09-20T19:22:26.097631,2025-09-20T19:22:26.097631
71d755ef-71bf-4268-b8b4-5a3a1cea0a64,ec350dbd-0cc4-4cd8-aad9-70039b1c6274,2025-09-20T16:29:28.907070,delivered,169.89,2025-09-20T16:29:28.907070,2025-09-20T16:29:28.907070
d6a133a9-cdb1-40c4-a2e8-1e214f8a7148,53933bf4-0586-46c7-9621-596687af160e,2025-09-20T21:48:11.842138,pending,33.92,2025-09-20T21:48:11.842138,2025-09-20T21:48:11.842138
b3862c7a-0df9-41d4-ab4a-ab39215f2230,e2ab2963-de13-4b20-8698-3353ac23ed19,2025-09-21T03:35:29.490217,cancelled,141.06,2025-09-21T03:35:29.490217,2025-09-21T03:35:29.490217
3d297d47-dcc7-4748-a3ef-39f3490fecbb,ff2e0e91-b752-4356-8c82-cf64351324ab,2025-09-21T10:02:40.474755,pending,162.44,2025-09-21T10:02:40.474755,2025-09-21T10:02:40.474755
edef7891-fdcc-42b0-a2c3-70b7716cfe7d,cee9ffe4-04cf-476b-9bd2-fb7373710581,2025-09-21T04:58:23.911527,pending,231.57,2025-09-21T04:58:23.911527,2025-09-21T04:58:23.911527
1c156bd8-bdaa-400d-8144-d34eda0d95a1,8666e0fe-cbf0-4d7c-97b8-0c0ed6464ef9,2025-09-20T12:44:55.143143,delivered,103.94,2025-09-20T12:44:55.143143,2025-09-20T12:44:55.143143
5376a2ef-f705-41a4-9dca-24627d82c7ea,b7c16cbe-2944-41fe-91a8-07d1a246d96b,2025-09-20T16:19:39.478754,cancelled,236.14,2025-09-20T16:19:39.478754,2025-09-20T16:19:39.478754
53ee3e1d-a45c-4419-87c3-5f5f23893c28,db8423eb-c02b-444a-8e03-730d7b3e7833,2025-09-20T19:20:49.626865,delivered,162.78,2025-09-20T19:20:49.626865,2025-09-20T19:20:49.626865
bdf3e757-0314-4718-ab99-74931a4415f4,bb7b9a18-0a16-4d3b-b822-fa8bb8f1e2e9,2025-09-21T00:11:26.172854,cancelled,128.36,2025-09-21T00:11:26.172854,2025-09-21T00:11:26.172854
f0e3e102-ec2e-4dc8-8727-2115877c78b3,ebf7027d-a841-41b1-91d8-851e2d862297,2025-09-20T17:55:55.130746,pending,193.96,2025-09-20T17:55:55.130746,2025-09-20T17:55:55.130746
d9790388-da52-4eb7-ab80-a550f71bf33d,b35fa0f9-4d01-4544-8d45-733b46a9a293,2025-09-20T19:57:57.390589,pending,271.73,2025-09-20T19:57:57.390589,2025-09-20T19:57:57.390589
f30fe0e2-c97e-4c19-8463-4a8f74e16765,faf546e4-9493-4beb-ae59-dabf1412592d,2025-09-21T08:11:19.682671,cancelled,134.48,2025-09-21T08:11:19.682671,2025-09-21T08:11:19.682671
ff393469-a6a4-43aa-bf91-9c5048996ac0,88913f8b-8a74-48ca-bf57-61617a4a630c,2025-09-20T18:39:58.189331,cancelled,109.47,2025-09-20T18:39:58.189331,2025-09-20T18:39:58.189331
88dce984-c5bf-4791-96c0-dc942395e13e,55659cc1-6c7b-4632-baa5-34259d1a768d,2025-09-21T03:54:14.918547,cancelled,80.81,2025-09-21T03:54:14.918547,2025-09-21T03:54:14.918547
72733c92-e570-44c5-be7d-d9651c744b0b,bb7b9a18-0a16-4d3b-b822-fa8bb8f1e2e9,2025-09-21T10:49:11.513333,cancelled,142.34,2025-09-21T10:49:11.513333,2025-09-21T10:49:11.513333
46e82094-d3ea-44b4-ab71-5d4c401431d7,b35fa0f9-4d01-4544-8d45-733b46a9a293,2025-09-21T02:34:51.882689,pending,66.72,2025-09-21T02:34:51.882689,2025-09-21T02:34:51.882689
6c8933f6-b92b-489b-a2db-aca4b745e540,382fec63-29b1-4c37-885e-d4d3218217b6,2025-09-21T04:28:14.594058,shipped,148.39,2025-09-21T04:28:14.594058,2025-09-21T04:28:14.594058
587822ed-c5b7-41f4-8f8c-760e7e0683a3,560bad55-e27c-4998-b4c0-ed11cd7d60d6,2025-09-21T06:18:47.784788,pending,273.24,2025-09-21T06:18:47.784788,2025-09-21T06:18:47.784788
1d216eb8-4381-4fb4-a98a-e3cc8ad06825,aeca4bb3-4ce7-4b49-80d4-614f359232aa,2025-09-20T16:44:58.701559,shipped,320.9,2025-09-20T16:44:58.701559,2025-09-20T16:44:58.701559
979420d1-fe27-4fdb-9bcd-02df49f56565,54a9effc-32fa-4540-a32f-382c6fa6533d,2025-09-20T19:55:04.635197,shipped,82.9,2025-09-20T19:55:04.635197,2025-09-20T19:55:04.635197
bf68a871-429e-476b-ae74-0b2ad4b055b8,3ed85464-c634-4998-a4ce-efacd028ca85,2025-09-20T16:29:53.998292,shipped,89.04,2025-09-20T16:29:53.998292,2025-09-20T16:29:53.998292
fc254bf9-a6c5-483a-b5b5-13d8f3184344,26d64a1f-1a4e-4f6e-8dc9-2691a5c25d02,2025-09-21T04:19:19.200871,delivered,72.56,2025-09-21T04:19:19.200871,2025-09-21T04:19:19.200871
7ab1b294-be84-4ef4-bc72-58b390a08dba,513a197a-9d8f-4300-9c18-8b931de2ac61,2025-09-20T21:19:32.100425,shipped,199.57,2025-09-20T21:19:32.100425,2025-09-20T21:19:32.100425
363ecab3-87a1-4516-ad7c-4dfa7398adda,67d2e925-796a-4a10-a401-e8bc51d9d64d,2025-09-20T17:11:52.049990,delivered,161.61,2025-09-20T17:11:52.049990,2025-09-20T17:11:52.049990
6631214c-fbb9-4699-9db0-f3e5ff5edcf9,570b8c3e-e269-4cc7-86b7-cdb6e68d6d5d,2025-09-21T12:20:13.334327,delivered,163.02,2025-09-21T12:20:13.334327,2025-09-21T12:20:13.334327
6ae9a235-47ad-46a4-b39c-aa44ab970d51,ce016bbe-1d6d-470a-a7eb-dc0febc66b0a,2025-09-21T06:16:30.601740,delivered,91.1,2025-09-21T06:16:30.601740,2025-09-21T06:16:30.601740
5f7addbf-8630-480e-aaad-bb982e3b39ec,0a8c22e7-2cec-4f0c-a632-b3dbacde68d4,2025-09-21T06:41:55.592757,pending,122.16,2025-09-21T06:41:55.592757,2025-09-21T06:41:55.592757
e1cd0be8-6f05-4aa8-a646-1a725d3483f1,5ee8a32f-500b-43dd-b4fd-5ce62fe9a845,2025-09-20T23:45:52.875263,cancelled,115.99,2025-09-20T23:45:52.875263,2025-09-20T23:45:52.875263
2de56729-2834-43ff-ad02-99ffb6975548,1d51a20a-8b45-498f-a9ef-0f24b2011a94,2025-09-21T04:25:41.990739,shipped,37.71,2025-09-21T04:25:41.990739,2025-09-21T04:25:41.990739
f0fa2cfe-fadb-4140-9874-881b5abe4de8,c6391ac6-056d-4567-9e8c-b3a0f1641db6,2025-09-21T11:11:04.013785,cancelled,270.11,2025-09-21T11:11:04.013785,2025-09-21T11:11:04.013785
00ea9332-af40-4542-8072-8d52e729beb9,9afcd405-02f1-4d4d-bd21-3b59a5f27e3d,2025-09-21T00:52:47.531218,cancelled,102.32,2025-09-21T00:52:47.531218,2025-09-21T00:52:47.531218
e64170f0-e3ea-48ab-8bac-b175ff8df8a0,b433521c-166e-48a5-8479-f12a8b3ab381,2025-09-20T20:48:20.704120,pending,64.74,2025-09-20T20:48:20.704120,2025-09-20T20:48:20.704120
fc55bce0-a01a-484b-bdca-8478e004c5b3,dd8d1361-47be-4258-a801-1f690c98fb80,2025-09-20T16:48:55.805058,delivered,155.76,2025-09-20T16:48:55.805058,2025-09-20T16:48:55.805058
4a8556a3-c50c-4208-8db3-5b9d7a5429c3,ca268dad-13e6-425c-a65b-78a5a672b548,2025-09-20T14:18:27.870270,shipped,164.73,2025-09-20T14:18:27.870270,2025-09-20T14:18:27.870270
a48ba8a2-557e-47f2-963e-57b83e46764a,4f95b6ac-172d-4138-a6db-8708dac883a9,2025-09-21T09:21:16.325436,pending,63.5,2025-09-21T09:21:16.325436,2025-09-21T09:21:16.325436
f760313d-6d18-4efd-87a5-f0095e1ad805,560bad55-e27c-4998-b4c0-ed11cd7d60d6,2025-09-21T05:27:59.546977,shipped,177.43,2025-09-21T05:27:59.546977,2025-09-21T05:27:59.546977
cfb6d5d4-9ab2-44ee-90b2-79efb35329b7,0f5acf22-3eed-4b32-8ca7-bc41aa9681f3,2025-09-20T12:55:44.679058,delivered,128.07,2025-09-20T12:55:44.679058,2025-09-20T12:55:44.679058
1be5e319-928a-4a6b-8b52-8b66887f8edf,b839a238-051f-4b07-a634-a834e7e042ed,2025-09-20T17:32:03.019514,cancelled,110.16,2025-09-20T17:32:03.019514,2025-09-20T17:32:03.019514
82b555be-4ebb-47e8-8054-b1f79ec4a55a,2f674f7a-2113-45c0-b1cc-7d3805ee02b0,2025-09-20T12:46:46.426860,cancelled,271.7,2025-09-20T12:46:46.426860,2025-09-20T12:46:46.426860
7be19078-1ec5-4acd-a81f-71cfd06207dc,3f7d6046-73de-4a63-b7cf-f269bb1570c8,2025-09-21T07:35:43.424635,pending,219.19,2025-09-21T07:35:43.424635,2025-09-21T07:35:43.424635
01eaa6af-33f5-4006-93bf-f993f80c83da,b839a238-051f-4b07-a634-a834e7e042ed,2025-09-21T03:00:22.032276,cancelled,117.59,2025-09-21T03:00:22.032276,2025-09-21T03:00:22.032276
650c9a8e-0c3c-4edf-9b29-751d33c7af83,253b611d-21d5-4480-b56e-6f1285bbe8b0,2025-09-20T15:27:36.991231,cancelled,274.06,2025-09-20T15:27:36.991231,2025-09-20T15:27:36.991231
017490ed-afe5-4167-8257-72baea84b9c2,17702c4a-781a-47a8-a997-3df4107c7172,2025-09-21T00:58:33.575407,cancelled,38.2,2025-09-21T00:58:33.575407,2025-09-21T00:58:33.575407
681b1fb5-1086-403d-80b6-b19b4089e8f5,ec350dbd-0cc4-4cd8-aad9-70039b1c6274,2025-09-21T11:14:26.492509,shipped,55.24,2025-09-21T11:14:26.492509,2025-09-21T11:14:26.492509
591be004-da03-4b68-b1cb-2e117c734ea4,c3b2c643-ca9a-4e61-be3c-e4aaef0922f7,2025-09-20T15:31:20.675569,pending,117.46,2025-09-20T15:31:20.675569,2025-09-20T15:31:20.675569
15aa4777-f4ec-404c-ad4f-359d9f09b218,37a8fa8c-6992-4f3a-8d73-efee0ae64c8e,2025-09-20T21:47:28.457701,shipped,107.96,2025-09-20T21:47:28.457701,2025-09-20T21:47:28.457701
faeace51-2161-46b5-989a-0395f2711427,c6391ac6-056d-4567-9e8c-b3a0f1641db6,2025-09-20T22:54:59.585767,pending,225.85,2025-09-20T22:54:59.585767,2025-09-20T22:54:59.585767
9e58c1a6-03ad-4408-8c59-324518fa317a,3199710d-a77d-40aa-a6ee-b87404f1deaf,2025-09-20T16:49:48.324205,shipped,165.71,2025-09-20T16:49:48.324205,2025-09-20T16:49:48.324205
0566d06d-f1d3-41f7-a318-56388503fa15,320050eb-f389-44b0-9f75-ab77719dec56,2025-09-20T22:40:18.392465,shipped,71.56,2025-09-20T22:40:18.392465,2025-09-20T22:40:18.392465
90406451-369b-48cf-bccd-f3733a14040d,d6cb507c-261c-48a8-b125-c4cbf0f5185d,2025-09-20T13:19:45.795652,pending,71.35,2025-09-20T13:19:45.795652,2025-09-20T13:19:45.795652
b100ce66-a5cd-4fe7-8301-dbea54913cd7,e1e3ae5c-7b9a-474f-8a3c-4f8848479b70,2025-09-20T20:46:14.933123,cancelled,279.84,2025-09-20T20:46:14.933123,2025-09-20T20:46:14.933123
d3f8a7d8-e333-470f-a660-8598503fc584,f9746f4b-7e2c-43fe-8877-59b59abdf9aa,2025-09-21T08:15:07.230520,pending,118.95,2025-09-21T08:15:07.230520,2025-09-21T08:15:07.230520
71cec39a-e352-42a8-9c98-ffcb0bf53d36,5ee8a32f-500b-43dd-b4fd-5ce62fe9a845,2025-09-21T00:02:24.461636,delivered,94.57,2025-09-21T00:02:24.461636,2025-09-21T00:02:24.461636
87279cff-45c0-4608-b7d6-a4f5ac980ef7,78f7dc25-12af-4def-93c2-1c4885d9a1d2,2025-09-20T16:27:54.587965,delivered,29.1,2025-09-20T16:27:54.587965,2025-09-20T16:27:54.587965
fc989bb8-4628-4fe3-a6fa-c26891fb76dd,31f09f52-0218-484c-bb58-e4c2ea466e29,2025-09-21T08:20:37.831018,delivered,67.78,2025-09-21T08:20:37.831018,2025-09-21T08:20:37.831018
386ea65d-3372-4ff0-a726-f110f4a346d7,bb7b9a18-0a16-4d3b-b822-fa8bb8f1e2e9,2025-09-20T21:07:18.957358,delivered,21.58,2025-09-20T21:07:18.957358,2025-09-20T21:07:18.957358
b95aa2bf-e386-4084-99b3-e916bddc7534,2f674f7a-2113-45c0-b1cc-7d3805ee02b0,2025-09-20T14:13:04.318625,pending,111.64,2025-09-20T14:13:04.318625,2025-09-20T14:13:04.318625
8568cefe-60cc-442c-a244-95da8d20b52b,58614965-7f81-4b14-8e17-64054d8f6031,2025-09-21T04:24:14.760492,shipped,73.02,2025-09-21T04:24:14.760492,2025-09-21T04:24:14.760492
2f2642d3-5314-402f-8bbc-ded4c87e5592,3ed85464-c634-4998-a4ce-efacd028ca85,2025-09-21T09:00:10.744641,shipped,42.86,2025-09-21T09:00:10.744641,2025-09-21T09:00:10.744641
2b531e0f-b329-41cd-8ce7-8af4a86552a8,ca268dad-13e6-425c-a65b-78a5a672b548,2025-09-21T03:34:54.524328,shipped,46.24,2025-09-21T03:34:54.524328,2025-09-21T03:34:54.524328
e5479b8d-ee3f-43dc-b4cb-9301169f608d,513a197a-9d8f-4300-9c18-8b931de2ac61,2025-09-21T01:48:23.656805,cancelled,33.75,2025-09-21T01:48:23.656805,2025-09-21T01:48:23.656805
08d25bd8-3994-4756-80cd-0a8525e006be,faf546e4-9493-4beb-ae59-dabf1412592d,2025-09-20T22:08:09.284746,pending,300.2,2025-09-20T22:08:09.284746,2025-09-20T22:08:09.284746
5e652712-918e-4b69-b721-7bfd29b8ea81,e2ab2963-de13-4b20-8698-3353ac23ed19,2025-09-21T11:34:37.423981,shipped,190.39,2025-09-21T11:34:37.423981,2025-09-21T11:34:37.423981
94571dd1-0e17-4d12-81d3-0f42b48b5486,64f0d41b-f397-4577-9787-8dfa631159d6,2025-09-20T17:30:59.782024,pending,187.45,2025-09-20T17:30:59.782024,2025-09-20T17:30:59.782024
ae9435aa-f672-4534-b6a4-4fc9216027d8,37a8fa8c-6992-4f3a-8d73-efee0ae64c8e,2025-09-20T15:18:24.489131,cancelled,181.23,2025-09-20T15:18:24.489131,2025-09-20T15:18:24.489131
74d0e613-1e62-4673-a51a-5913308703b9,1322a9ff-0514-49e4-b400-bc69bf5a558c,2025-09-20T19:55:11.536005,shipped,96.92,2025-09-20T19:55:11.536005,2025-09-20T19:55:11.536005
e2474237-4c66-488f-86fe-a59960fdb033,5ee8a32f-500b-43dd-b4fd-5ce62fe9a845,2025-09-20T19:45:21.185626,shipped,38.34,2025-09-20T19:45:21.185626,2025-09-20T19:45:21.185626
e7e80983-1d3b-4539-a865-2dc63f562f46,09abcdd0-d9d4-4691-b5b6-17b1a5bad1e6,2025-09-21T09:09:48.530706,delivered,38.35,2025-09-21T09:09:48.530706,2025-09-21T09:09:48.530706
d862fabb-80f1-4f65-b337-6cb1c4e72b63,53127422-6ff8-4cd4-9078-179f1de25a77,2025-09-21T07:37:19.015858,cancelled,184.45,2025-09-21T07:37:19.015858,2025-09-21T07:37:19.015858
ed92e836-7306-45c9-9ce9-55de0afbe4f4,0a8c22e7-2cec-4f0c-a632-b3dbacde68d4,2025-09-20T18:41:57.976189,pending,182.62,2025-09-20T18:41:57.976189,2025-09-20T18:41:57.976189
324c8f80-70a8-4f32-b27e-a86e5e91b0de,ecffe70b-b21c-4e54-af09-99574482a7bf,2025-09-21T08:14:59.043923,shipped,173.52,2025-09-21T08:14:59.043923,2025-09-21T08:14:59.043923
7f38aaf0-e0d4-4640-9a9d-b1a1cbe88c45,5ee8a32f-500b-43dd-b4fd-5ce62fe9a845,2025-09-20T15:04:38.935138,cancelled,60.71,2025-09-20T15:04:38.935138,2025-09-20T15:04:38.935138
accb549d-b4bd-4967-bc31-f1f0e0aa0273,b2bc1973-5971-4626-9854-8163b38aa6b9,2025-09-21T03:58:12.367277,delivered,101.76,2025-09-21T03:58:12.367277,2025-09-21T03:58:12.367277
1f350caa-3e92-4391-a7e2-9658b2eb3c1f,71c1d676-58cd-4dff-8077-baa7e6463f3b,2025-09-20T17:02:22.082318,cancelled,172.9,2025-09-20T17:02:22.082318,2025-09-20T17:02:22.082318
24409a70-0b40-4e90-abe7-64463456b94d,b9599654-2bf2-48e8-bd06-ac822400e392,2025-09-20T15:34:14.972016,shipped,34.86,2025-09-20T15:34:14.972016,2025-09-20T15:34:14.972016
f60c1538-f8e2-4bc6-a53e-54fdcc8c3c7a,253b611d-21d5-4480-b56e-6f1285bbe8b0,2025-09-21T05:56:57.617697,cancelled,210.43,2025-09-21T05:56:57.617697,2025-09-21T05:56:57.617697
dde4c26a-b694-494b-8d17-a0c787c69b74,f5396fec-4a54-4f26-a8dd-98dc0bbfe40e,2025-09-21T07:35:41.993522,shipped,116.51,2025-09-21T07:35:41.993522,2025-09-21T07:35:41.993522
daa5ef71-137c-439e-adc5-b260c6558b3c,31f09f52-0218-484c-bb58-e4c2ea466e29,2025-09-21T11:23:28.167490,pending,48.11,2025-09-21T11:23:28.167490,2025-09-21T11:23:28.167490
04379d84-eda8-49ea-92b0-c644870dd908,b6aa377c-6735-49ce-8c53-2fef8aa014e0,2025-09-20T20:50:22.926769,shipped,109.4,2025-09-20T20:50:22.926769,2025-09-20T20:50:22.926769
9326fdb7-1bb8-4e89-a2b7-0e2165356f6b,17c0badd-8652-4226-91b1-76c7d0b4393b,2025-09-21T02:49:32.006344,cancelled,81.18,2025-09-21T02:49:32.006344,2025-09-21T02:49:32.006344
2047c88f-4b62-48a1-aaa4-2ec06e0cd03d,fc7274a0-b820-4a40-a9f5-27396a441484,2025-09-21T03:07:12.419060,shipped,103.64,2025-09-21T03:07:12.419060,2025-09-21T03:07:12.419060
42274c3e-664d-4478-8e6c-38b929e110af,88c242d1-8e2e-4874-b588-80af75f2cfdf,2025-09-21T07:49:12.960002,pending,120.47,2025-09-21T07:49:12.960002,2025-09-21T07:49:12.960002
fda58f28-5012-42df-840a-2093ca4bae5f,ca06db2e-8d5b-40e3-ad32-61f893d48b5c,2025-09-21T04:16:34.599605,cancelled,256.79,2025-09-21T04:16:34.599605,2025-09-21T04:16:34.599605
5f9c70e2-3b53-46d4-8743-286a339ea203,320050eb-f389-44b0-9f75-ab77719dec56,2025-09-21T07:39:47.937461,delivered,87.01,2025-09-21T07:39:47.937461,2025-09-21T07:39:47.937461
d1c3c145-015b-4607-adbb-fdd2165e1f2e,3ed85464-c634-4998-a4ce-efacd028ca85,2025-09-21T01:58:41.445668,delivered,105.03,2025-09-21T01:58:41.445668,2025-09-21T01:58:41.445668
0b2ac5ac-d2f0-42da-8ed4-9c94b14c6ea8,17702c4a-781a-47a8-a997-3df4107c7172,2025-09-20T14:33:32.429343,pending,146.85,2025-09-20T14:33:32.429343,2025-09-20T14:33:32.429343
989f8dca-ffee-4234-bdb3-4ed0dbce5f59,ecffe70b-b21c-4e54-af09-99574482a7bf,2025-09-20T14:11:10.165322,shipped,22.5,2025-09-20T14:11:10.165322,2025-09-20T14:11:10.165322
66aedd04-e12d-46b7-a5a4-2af5d8b805dd,ec970dff-0e9d-4782-b16c-866768c08865,2025-09-20T21:32:42.728838,cancelled,83.37,2025-09-20T21:32:42.728838,2025-09-20T21:32:42.728838
5f278f42-0e12-4140-8089-5c6de705fd9c,cee9ffe4-04cf-476b-9bd2-fb7373710581,2025-09-20T19:13:21.237207,cancelled,132.86,2025-09-20T19:13:21.237207,2025-09-20T19:13:21.237207
38ecf69e-a99b-41f0-9c69-bcd0d528048e,f6258da5-759a-471a-8896-f08a1812673a,2025-09-20T19:36:21.991563,shipped,85.39,2025-09-20T19:36:21.991563,2025-09-20T19:36:21.991563
7b6df866-f9b3-44db-bfeb-f40361e61c65,e2ab2963-de13-4b20-8698-3353ac23ed19,2025-09-21T03:21:34.933271,pending,44.66,2025-09-21T03:21:34.933271,2025-09-21T03:21:34.933271
82c50ab8-1bc4-48ba-b924-4447b1473154,ae7ebdfa-0029-4ab7-8a04-3f2a914621ff,2025-09-21T10:55:56.311370,pending,163.86,2025-09-21T10:55:56.311370,2025-09-21T10:55:56.311370
d1a5e241-72b7-430d-98c4-68bd8dc02bc1,382fec63-29b1-4c37-885e-d4d3218217b6,2025-09-20T20:58:38.545499,pending,46.96,2025-09-20T20:58:38.545499,2025-09-20T20:58:38.545499
413c4c33-4ad4-4c8e-8e80-3bd78d89bbbe,53127422-6ff8-4cd4-9078-179f1de25a77,2025-09-21T06:31:27.641361,cancelled,152.46,2025-09-21T06:31:27.641361,2025-09-21T06:31:27.641361
ab1cae8d-c65d-4b51-8938-9e8484862757,17c0badd-8652-4226-91b1-76c7d0b4393b,2025-09-20T17:33:03.395084,pending,248.31,2025-09-20T17:33:03.395084,2025-09-20T17:33:03.395084
8eda1ec3-da61-4a03-8e24-b9bdbdd1e703,4bc1c268-bd3e-4f97-8f0e-3cfae01eb8e1,2025-09-20T23:45:48.133647,delivered,274.96,2025-09-20T23:45:48.133647,2025-09-20T23:45:48.133647
907f8120-92a2-4bda-b978-278da5d832a0,570b8c3e-e269-4cc7-86b7-cdb6e68d6d5d,2025-09-21T09:10:15.619662,shipped,133.56,2025-09-21T09:10:15.619662,2025-09-21T09:10:15.619662
1c7ac7f5-c8bf-4023-ba57-7b331d360274,3e516e0f-f497-4f91-ae37-757781127b4b,2025-09-20T18:58:51.798740,shipped,10.04,2025-09-20T18:58:51.798740,2025-09-20T18:58:51.798740
f4e92210-da25-4392-8c89-4da20294f93c,fb46c96c-18aa-4413-afd1-84f530823051,2025-09-20T12:50:13.626984,shipped,122.86,2025-09-20T12:50:13.626984,2025-09-20T12:50:13.626984
cf26c092-cf66-45d7-ae0e-12642e23586e,f6258da5-759a-471a-8896-f08a1812673a,2025-09-20T16:46:50.543320,delivered,167.66,2025-09-20T16:46:50.543320,2025-09-20T16:46:50.543320
c653be57-66b5-416b-8807-682346930c7e,670e91b0-a867-4b4c-b1bc-e2ab57730113,2025-09-20T17:17:26.002567,shipped,139.85,2025-09-20T17:17:26.002567,2025-09-20T17:17:26.002567
14ee9b10-b181-41cd-9ea3-d51b2ecde006,424ec8f2-fdda-4537-9b79-7acfcda707a8,2025-09-21T11:03:47.623077,cancelled,351.66,2025-09-21T11:03:47.623077,2025-09-21T11:03:47.623077
ffbd9ee9-7d19-46ee-a9ab-b416178511a0,ec91c808-d252-4faf-b8e4-10fad36558cb,2025-09-21T10:38:34.446904,pending,150.66,2025-09-21T10:38:34.446904,2025-09-21T10:38:34.446904
3947197b-bda0-4f1c-894d-6fcd147ce73c,58614965-7f81-4b14-8e17-64054d8f6031,2025-09-20T20:35:29.988012,pending,116.94,2025-09-20T20:35:29.988012,2025-09-20T20:35:29.988012
d9c5b509-4cee-4c2f-acf2-1fb205e5e2c7,625b732e-32a2-4b54-9ced-7eb4d66f181c,2025-09-20T16:27:24.688290,cancelled,95.79,2025-09-20T16:27:24.688290,2025-09-20T16:27:24.688290
1713a3b2-9e22-4385-b116-ab3abaf7fc06,ec970dff-0e9d-4782-b16c-866768c08865,2025-09-20T15:59:46.359463,pending,64.68,2025-09-20T15:59:46.359463,2025-09-20T15:59:46.359463
672cb8cb-89df-4fbe-b012-423b2819b65d,0e98f1be-f3b4-407f-996f-658274b76ef2,2025-09-20T22:49:27.060970,pending,67.84,2025-09-20T22:49:27.060970,2025-09-20T22:49:27.060970
92861d38-df7b-4bbb-8759-bf03ba726450,4d17fc37-3cca-4e38-b924-4e5cebddf05d,2025-09-21T10:38:07.958093,pending,166.45,2025-09-21T10:38:07.958093,2025-09-21T10:38:07.958093
d4db094a-382e-44fe-8cd4-f8229ab3eed2,3f7d6046-73de-4a63-b7cf-f269bb1570c8,2025-09-21T11:33:09.255910,cancelled,61.37,2025-09-21T11:33:09.255910,2025-09-21T11:33:09.255910
9927b514-651c-41c6-9491-e3d4ad8c2f6d,d5213c2e-5854-4b0b-b702-4ccb3c18969f,2025-09-21T07:05:31.569503,cancelled,71.45,2025-09-21T07:05:31.569503,2025-09-21T07:05:31.569503
f4cc46a4-adae-41f7-b2d9-d19c839cf5c8,cc759f8b-0a40-4739-b733-74c183f182c6,2025-09-21T00:52:53.242950,delivered,300.2,2025-09-21T00:52:53.242950,2025-09-21T00:52:53.242950
bfbdd8b2-760d-48dd-98a6-b25883bcaf15,fb46c96c-18aa-4413-afd1-84f530823051,2025-09-20T20:44:02.862194,shipped,46.77,2025-09-20T20:44:02.862194,2025-09-20T20:44:02.862194
bf12fe59-08e4-4a46-9e9c-9639fc979a05,e4186dad-2047-4f48-a576-ae050e559ef2,2025-09-20T13:22:05.512385,delivered,125.14,2025-09-20T13:22:05.512385,2025-09-20T13:22:05.512385
ff068d74-4b11-41e1-a940-374a0f094e58,4f7b1317-3ad1-40a2-be7a-5a98fbefc418,2025-09-20T15:34:09.390113,delivered,187.01,2025-09-20T15:34:09.390113,2025-09-20T15:34:09.390113
99d8be1c-0e80-4692-a7a0-bf25a97b4caa,c36edc17-8cb5-4efb-8ce8-127621e1ce82,2025-09-21T05:10:43.431996,delivered,75.72,2025-09-21T05:10:43.431996,2025-09-21T05:10:43.431996
fd0faea7-519a-47e8-a3a6-5dd6db340a16,ae7ebdfa-0029-4ab7-8a04-3f2a914621ff,2025-09-20T17:32:38.632839,pending,77.37,2025-09-20T17:32:38.632839,2025-09-20T17:32:38.632839
e67833f0-ce76-4a74-801f-6047cc6c7f76,71c1d676-58cd-4dff-8077-baa7e6463f3b,2025-09-21T01:43:24.764692,cancelled,71.52,2025-09-21T01:43:24.764692,2025-09-21T01:43:24.764692
ed0e725d-b916-4b9c-9fca-86b918fa4e11,b2bc1973-5971-4626-9854-8163b38aa6b9,2025-09-21T02:24:40.838258,cancelled,88.66,2025-09-21T02:24:40.838258,2025-09-21T02:24:40.838258
b28e4262-6393-43df-8e78-2da1e77806b8,78f7dc25-12af-4def-93c2-1c4885d9a1d2,2025-09-20T16:35:03.051840,cancelled,397.48,2025-09-20T16:35:03.051840,2025-09-20T16:35:03.051840
e2366b06-7398-426b-bd93-2bc226895f1c,5b980398-2f45-41a3-9b7b-2f72a332e173,2025-09-21T06:33:44.118254,cancelled,219.3,2025-09-21T06:33:44.118254,2025-09-21T06:33:44.118254
c2e6d5cc-c0f8-4549-aa26-2cbc25e7f426,c3b2c643-ca9a-4e61-be3c-e4aaef0922f7,2025-09-21T11:18:12.610942,delivered,11.25,2025-09-21T11:18:12.610942,2025-09-21T11:18:12.610942
524fb1da-f5e3-4191-b61b-6b0fb47e32e9,03113851-19a4-40f8-964a-8450b031280e,2025-09-21T06:55:44.163929,shipped,64.38,2025-09-21T06:55:44.163929,2025-09-21T06:55:44.163929
1cc715fe-dd62-4924-9a33-337e1ed6bc0a,570b8c3e-e269-4cc7-86b7-cdb6e68d6d5d,2025-09-20T13:51:33.710143,delivered,69.79,2025-09-20T13:51:33.710143,2025-09-20T13:51:33.710143
746c5f8e-4bf4-4774-a02b-f3c03d4e4aed,9afcd405-02f1-4d4d-bd21-3b59a5f27e3d,2025-09-20T16:23:14.726425,delivered,73.82,2025-09-20T16:23:14.726425,2025-09-20T16:23:14.726425
63c48130-2d90-42c0-b100-55b787eb1d69,f2389fb4-c34e-41ad-8454-19e3d73f5bda,2025-09-20T14:18:08.412897,pending,52.87,2025-09-20T14:18:08.412897,2025-09-20T14:18:08.412897
f2fa6459-a11d-4ba6-980e-8f9a15551a33,bb7b9a18-0a16-4d3b-b822-fa8bb8f1e2e9,2025-09-20T22:13:51.545517,cancelled,100.96,2025-09-20T22:13:51.545517,2025-09-20T22:13:51.545517
13a925c8-c1b1-4f55-8556-72e22db83f2d,b839a238-051f-4b07-a634-a834e7e042ed,2025-09-20T14:44:32.095688,delivered,92.44,2025-09-20T14:44:32.095688,2025-09-20T14:44:32.095688
be45d210-d3f9-4095-9960-ecd4e21a1d04,8666e0fe-cbf0-4d7c-97b8-0c0ed6464ef9,2025-09-21T01:47:59.410242,pending,100.33,2025-09-21T01:47:59.410242,2025-09-21T01:47:59.410242
67b7eb1b-60b5-423d-8876-f347d08cef35,54a9effc-32fa-4540-a32f-382c6fa6533d,2025-09-20T16:35:34.077774,shipped,188.73,2025-09-20T16:35:34.077774,2025-09-20T16:35:34.077774
68d27739-a3e0-40c0-9b32-64c0de018192,ec91c808-d252-4faf-b8e4-10fad36558cb,2025-09-21T04:12:31.946682,shipped,175.62,2025-09-21T04:12:31.946682,2025-09-21T04:12:31.946682
942e30d5-9af6-4abf-8bd4-7fc56f6ece5c,570b8c3e-e269-4cc7-86b7-cdb6e68d6d5d,2025-09-20T14:21:51.912623,shipped,190.65,2025-09-20T14:21:51.912623,2025-09-20T14:21:51.912623
7c2b5e6f-7cb7-4fd5-a87c-3afe21f4f117,3167c06b-9dbe-4628-b388-75269d04d47b,2025-09-21T02:54:40.391390,delivered,217.62,2025-09-21T02:54:40.391390,2025-09-21T02:54:40.391390
afe5661a-95af-4c72-b6a3-0a80aa1017e0,c05d5a37-2587-4aed-b43f-aab25cb58979,2025-09-21T06:08:03.070133,delivered,16.69,2025-09-21T06:08:03.070133,2025-09-21T06:08:03.070133
398bb424-3aff-48bf-a52e-56b819c1c864,240c7d59-f08d-4aeb-a1aa-ff50e2990978,2025-09-20T15:31:27.779228,cancelled,246.77,2025-09-20T15:31:27.779228,2025-09-20T15:31:27.779228
7096e1ce-3d1b-4eab-905b-a650c514a115,4a1936c9-69ed-4c7b-ae1b-8811f0d885a7,2025-09-20T18:43:35.837304,pending,92.18,2025-09-20T18:43:35.837304,2025-09-20T18:43:35.837304
649654d1-5a74-47ae-9a0b-317eaa8cbccf,c36edc17-8cb5-4efb-8ce8-127621e1ce82,2025-09-20T19:24:44.723354,shipped,238.69,2025-09-20T19:24:44.723354,2025-09-20T19:24:44.723354
77a486a6-4a7b-4b4f-b7eb-27b28906db5a,4f836d05-c4d3-42ae-973c-a40845914075,2025-09-20T19:26:36.303006,pending,167.13,2025-09-20T19:26:36.303006,2025-09-20T19:26:36.303006
fd625e53-bb23-43a2-86d9-bfda6637546b,5f49ed9e-8b87-4826-a010-eaeed780549c,2025-09-21T00:06:18.762696,cancelled,157.99,2025-09-21T00:06:18.762696,2025-09-21T00:06:18.762696
e3aa8808-076a-4069-a4b3-87e7d2112b77,b7c16cbe-2944-41fe-91a8-07d1a246d96b,2025-09-20T19:53:41.540994,delivered,120.5,2025-09-20T19:53:41.540994,2025-09-20T19:53:41.540994
559b46ba-554a-4ce5-b137-ee309679c065,368f5686-a455-43d8-959a-8a5ef21cc4c8,2025-09-21T12:07:08.624074,pending,181.95,2025-09-21T12:07:08.624074,2025-09-21T12:07:08.624074
9b61ecc6-652d-47b2-be4d-4950b38028a0,f16750e9-9746-4446-bcc1-6a8ed8013323,2025-09-21T02:04:52.576920,cancelled,308.93,2025-09-21T02:04:52.576920,2025-09-21T02:04:52.576920
ad9b4234-163c-444f-ac7b-683f3f2a4db9,3f7d6046-73de-4a63-b7cf-f269bb1570c8,2025-09-20T13:13:50.232277,cancelled,82.14,2025-09-20T13:13:50.232277,2025-09-20T13:13:50.232277
52554258-94d7-484f-ba8a-0fac29903a80,9afcd405-02f1-4d4d-bd21-3b59a5f27e3d,2025-09-20T19:35:28.207937,shipped,97.7,2025-09-20T19:35:28.207937,2025-09-20T19:35:28.207937
ce2d8d9c-59cf-40df-8b4d-fd33b7a315fa,570b8c3e-e269-4cc7-86b7-cdb6e68d6d5d,2025-09-21T00:36:08.582343,cancelled,179.1,2025-09-21T00:36:08.582343,2025-09-21T00:36:08.582343
404918c3-0368-405f-86cf-2839828ace6d,b6aa377c-6735-49ce-8c53-2fef8aa014e0,2025-09-20T20:38:57.045591,shipped,266.08,2025-09-20T20:38:57.045591,2025-09-20T20:38:57.045591
037b44d0-3f93-4fa4-9704-7b80049e5f93,88913f8b-8a74-48ca-bf57-61617a4a630c,2025-09-21T01:50:34.565616,shipped,146.97,2025-09-21T01:50:34.565616,2025-09-21T01:50:34.565616
553fe1a7-cfc6-474b-9095-7eb96447099a,5f49ed9e-8b87-4826-a010-eaeed780549c,2025-09-21T10:09:52.542707,delivered,289.74,2025-09-21T10:09:52.542707,2025-09-21T10:09:52.542707
c62db72a-508e-4f11-b060-b499872b2292,37a8fa8c-6992-4f3a-8d73-efee0ae64c8e,2025-09-21T10:05:45.445881,delivered,170.28,2025-09-21T10:05:45.445881,2025-09-21T10:05:45.445881
7c13e887-e626-484a-8241-78b08828775c,9afcd405-02f1-4d4d-bd21-3b59a5f27e3d,2025-09-21T08:04:43.236584,shipped,13.4,2025-09-21T08:04:43.236584,2025-09-21T08:04:43.236584
0750da1e-2a06-4694-bd6d-3c47d0a105bf,ff2e0e91-b752-4356-8c82-cf64351324ab,2025-09-20T17:59:36.596361,pending,88.8,2025-09-20T17:59:36.596361,2025-09-20T17:59:36.596361
3a111c95-c6f5-44ef-b77c-9fb2da3727f9,78f7c342-38fe-4aca-885d-66a2bd2bb999,2025-09-20T17:04:32.779721,pending,117.96,2025-09-20T17:04:32.779721,2025-09-20T17:04:32.779721
10abc635-31fc-45bf-8179-114a3721223a,c33be688-4285-4a98-8330-b55494af9528,2025-09-21T05:10:19.986488,pending,50.38,2025-09-21T05:10:19.986488,2025-09-21T05:10:19.986488
c336ac2f-d31b-49ec-9d2d-6d9e25d3405b,3167c06b-9dbe-4628-b388-75269d04d47b,2025-09-21T06:41:29.584748,delivered,57.3,2025-09-21T06:41:29.584748,2025-09-21T06:41:29.584748
67d8a7df-a8ca-4f67-a6f1-f5db3559aa31,c7d1f8b5-a838-411e-8064-0a7e646826b7,2025-09-21T05:36:15.257613,delivered,157.68,2025-09-21T05:36:15.257613,2025-09-21T05:36:15.257613
62594be7-df59-4eba-8159-fab81fea3d2c,06fe77ce-7c3f-4d62-994c-3d854b074fbe,2025-09-20T23:17:17.643592,cancelled,89.32,2025-09-20T23:17:17.643592,2025-09-20T23:17:17.643592
e3218524-dc33-4957-81d6-6de2967c96ff,1d51a20a-8b45-498f-a9ef-0f24b2011a94,2025-09-21T09:30:34.103188,pending,152.61,2025-09-21T09:30:34.103188,2025-09-21T09:30:34.103188
6b18db68-1f1f-49db-9857-497119d50a06,53933bf4-0586-46c7-9621-596687af160e,2025-09-21T04:47:04.363315,pending,98.12,2025-09-21T04:47:04.363315,2025-09-21T04:47:04.363315
b2517725-a817-4ff4-8deb-e714ba403823,3199710d-a77d-40aa-a6ee-b87404f1deaf,2025-09-21T11:38:31.257670,delivered,181.77,2025-09-21T11:38:31.257670,2025-09-21T11:38:31.257670
df02eb6e-abd1-4249-832a-bf751a80467a,e2ab2963-de13-4b20-8698-3353ac23ed19,2025-09-21T04:25:59.206952,shipped,81.3,2025-09-21T04:25:59.206952,2025-09-21T04:25:59.206952
acc5ea4a-9d3c-42ab-9698-7cef1ee4fec7,0c9c8fdf-0369-4876-955f-87592202bd01,2025-09-20T13:08:18.107533,pending,129.32,2025-09-20T13:08:18.107533,2025-09-20T13:08:18.107533
c6e9995a-86fe-4f09-a87c-5526ccde0daf,9afcd405-02f1-4d4d-bd21-3b59a5f27e3d,2025-09-20T17:36:17.012076,shipped,95.25,2025-09-20T17:36:17.012076,2025-09-20T17:36:17.012076
f92eeb30-9b9a-4a40-9edd-d39528abbde7,58614965-7f81-4b14-8e17-64054d8f6031,2025-09-20T21:07:51.095224,pending,178.03,2025-09-20T21:07:51.095224,2025-09-20T21:07:51.095224
7757a2f2-484f-4d3d-ad5c-f2da96c002fc,c7d1f8b5-a838-411e-8064-0a7e646826b7,2025-09-20T21:47:56.849958,cancelled,42.75,2025-09-20T21:47:56.849958,2025-09-20T21:47:56.849958
59c56669-4a1e-4546-b639-ba7e56035424,f16750e9-9746-4446-bcc1-6a8ed8013323,2025-09-20T18:58:08.694742,cancelled,92.29,2025-09-20T18:58:08.694742,2025-09-20T18:58:08.694742
e213aaff-3043-4c72-b412-3fc6e2266929,320050eb-f389-44b0-9f75-ab77719dec56,2025-09-20T16:55:48.097999,shipped,54.66,2025-09-20T16:55:48.097999,2025-09-20T16:55:48.097999
afc972f5-bb54-4d85-9ca7-9d5eee1e639b,53127422-6ff8-4cd4-9078-179f1de25a77,2025-09-21T08:22:24.874024,shipped,48.11,2025-09-21T08:22:24.874024,2025-09-21T08:22:24.874024
c9a7d61a-d59f-4f78-a5fb-0e6ecf59483b,382fec63-29b1-4c37-885e-d4d3218217b6,2025-09-20T23:36:23.816713,shipped,66.91,2025-09-20T23:36:23.816713,2025-09-20T23:36:23.816713
a1e20b74-634c-4bd8-b9a0-f27238b4f03d,4f95b6ac-172d-4138-a6db-8708dac883a9,2025-09-21T07:39:02.847359,shipped,390.56,2025-09-21T07:39:02.847359,2025-09-21T07:39:02.847359
d1f24535-bb90-4454-bae7-d5245434fcce,f2389fb4-c34e-41ad-8454-19e3d73f5bda,2025-09-20T20:17:06.025783,pending,215.67,2025-09-20T20:17:06.025783,2025-09-20T20:17:06.025783
4705a94f-dd01-44e8-9800-f475d494c635,17702c4a-781a-47a8-a997-3df4107c7172,2025-09-21T02:55:19.454160,delivered,103.8,2025-09-21T02:55:19.454160,2025-09-21T02:55:19.454160
258b5b1e-efd1-4107-b7bc-e6a456a64bf5,3bbbc859-d7f9-4890-9dce-ae607d998936,2025-09-20T17:02:06.160161,pending,39.57,2025-09-20T17:02:06.160161,2025-09-20T17:02:06.160161
1b1ca877-6f6a-4a70-96b5-d7d84d6c9967,c6391ac6-056d-4567-9e8c-b3a0f1641db6,2025-09-20T20:58:57.606086,delivered,52.28,2025-09-20T20:58:57.606086,2025-09-20T20:58:57.606086
a62b402e-347c-4c67-a2e3-f64da63268c7,1bf7a504-8e04-464f-9af1-06ce1001c25a,2025-09-20T21:37:43.981286,shipped,279.61,2025-09-20T21:37:43.981286,2025-09-20T21:37:43.981286
4a69508d-cd7b-40c1-99b4-455ee5e72c9f,bb7b9a18-0a16-4d3b-b822-fa8bb8f1e2e9,2025-09-20T16:58:16.446299,delivered,71.85,2025-09-20T16:58:16.446299,2025-09-20T16:58:16.446299
82355042-2b92-4f0f-853a-298321d0388c,ca268dad-13e6-425c-a65b-78a5a672b548,2025-09-21T01:36:54.777408,delivered,180.32,2025-09-21T01:36:54.777408,2025-09-21T01:36:54.777408
fa9979ed-f7d3-4408-be59-5e4165904239,253b611d-21d5-4480-b56e-6f1285bbe8b0,2025-09-20T17:48:57.865044,cancelled,32.02,2025-09-20T17:48:57.865044,2025-09-20T17:48:57.865044
378ecab1-3605-4a97-b17a-9f2195bf7d4a,b2bc1973-5971-4626-9854-8163b38aa6b9,2025-09-20T23:40:06.485891,shipped,89.32,2025-09-20T23:40:06.485891,2025-09-20T23:40:06.485891
09de184f-c3e2-4a8b-ac6f-84756adc5efe,4bc1c268-bd3e-4f97-8f0e-3cfae01eb8e1,2025-09-21T04:53:20.331387,cancelled,76.68,2025-09-21T04:53:20.331387,2025-09-21T04:53:20.331387
c3b8c71f-3453-4d48-b65c-9404d3887f76,3167c06b-9dbe-4628-b388-75269d04d47b,2025-09-21T07:13:42.656252,pending,223.98,2025-09-21T07:13:42.656252,2025-09-21T07:13:42.656252
bc2ca119-c023-46d0-a7db-6073734feb0f,49174496-093c-4c7a-b825-d2f770d4119a,2025-09-21T01:11:45.566769,cancelled,9.6,2025-09-21T01:11:45.566769,2025-09-21T01:11:45.566769
cae7428d-9ea9-47ca-9cad-55127b458e82,d032f6ed-9b8a-4ce3-be4e-255b2168dd50,2025-09-21T01:07:24.644245,delivered,205.07,2025-09-21T01:07:24.644245,2025-09-21T01:07:24.644245
0c010586-40ed-4334-ad7e-e048a4f3cb2f,f5396fec-4a54-4f26-a8dd-98dc0bbfe40e,2025-09-21T08:16:39.039180,delivered,70.08,2025-09-21T08:16:39.039180,2025-09-21T08:16:39.039180
70fff471-cdf3-497b-9fc7-eb4d5c2c6442,0bb16dc4-8e39-4c66-9fe0-fb2384930794,2025-09-20T23:55:01.717666,cancelled,233.06,2025-09-20T23:55:01.717666,2025-09-20T23:55:01.717666
82daf160-9b70-40e7-b76a-aafa4161eee0,86f447b4-a7a0-4a84-afad-63ba28861066,2025-09-20T21:32:22.669108,shipped,107.64,2025-09-20T21:32:22.669108,2025-09-20T21:32:22.669108
7b2bc066-2425-4889-8a92-f6ea04632da5,b839a238-051f-4b07-a634-a834e7e042ed,2025-09-20T22:31:54.201971,pending,89.71,2025-09-20T22:31:54.201971,2025-09-20T22:31:54.201971
18db93fb-2019-4fb0-8cd6-8b828ff79112,3f7d6046-73de-4a63-b7cf-f269bb1570c8,2025-09-20T17:21:20.041592,pending,85.55,2025-09-20T17:21:20.041592,2025-09-20T17:21:20.041592
a69301f9-040f-4e70-9041-ab92fab94221,2f674f7a-2113-45c0-b1cc-7d3805ee02b0,2025-09-21T11:00:30.563798,cancelled,81.3,2025-09-21T11:00:30.563798,2025-09-21T11:00:30.563798
d04fcb1e-aed5-4b26-a59c-f7db6d03c9b5,f5396fec-4a54-4f26-a8dd-98dc0bbfe40e,2025-09-20T14:53:59.139848,cancelled,246.9,2025-09-20T14:53:59.139848,2025-09-20T14:53:59.139848
68fb8714-7c8c-4d4c-a3b1-630abc8a0a1d,faf546e4-9493-4beb-ae59-dabf1412592d,2025-09-20T13:00:17.746286,pending,24.66,2025-09-20T13:00:17.746286,2025-09-20T13:00:17.746286
52eade4d-c8ce-4f0f-b2ec-b042970900db,0505ae20-9dad-4ac7-a52d-b9b7929996a5,2025-09-20T19:37:08.019563,delivered,196.67,2025-09-20T19:37:08.019563,2025-09-20T19:37:08.019563
afbdaa07-6371-419d-9041-2037d743c54a,c6391ac6-056d-4567-9e8c-b3a0f1641db6,2025-09-20T17:57:01.911661,cancelled,70.24,2025-09-20T17:57:01.911661,2025-09-20T17:57:01.911661
2ce9e776-3b32-4ac4-becf-4a204ee40a70,e4186dad-2047-4f48-a576-ae050e559ef2,2025-09-21T08:13:15.203636,shipped,321.74,2025-09-21T08:13:15.203636,2025-09-21T08:13:15.203636
4f006b56-ef91-4ceb-9a44-4a0b200bcf71,f16750e9-9746-4446-bcc1-6a8ed8013323,2025-09-20T17:44:24.706293,cancelled,100.84,2025-09-20T17:44:24.706293,2025-09-20T17:44:24.706293
35bf0669-c9c8-47cc-b135-370559e126fe,ff2e0e91-b752-4356-8c82-cf64351324ab,2025-09-21T06:31:52.594080,shipped,188.04,2025-09-21T06:31:52.594080,2025-09-21T06:31:52.594080
026f6b94-6b91-4c55-b5c0-7ec152a0f6ec,3cd4e7a9-9aa4-449c-86ff-edd777966231,2025-09-21T07:01:37.426040,pending,58.28,2025-09-21T07:01:37.426040,2025-09-21T07:01:37.426040
5a5adc2c-3dd1-4f15-b727-b1e752a249a6,67d2e925-796a-4a10-a401-e8bc51d9d64d,2025-09-20T18:58:33.796091,delivered,226.54,2025-09-20T18:58:33.796091,2025-09-20T18:58:33.796091
6f8f1aea-f884-4b65-a8fc-9e9b284c44c7,26d64a1f-1a4e-4f6e-8dc9-2691a5c25d02,2025-09-21T05:17:04.313701,shipped,73.25,2025-09-21T05:17:04.313701,2025-09-21T05:17:04.313701
cc34b5af-494b-4c7f-a15f-4f3d6e8348a7,513a197a-9d8f-4300-9c18-8b931de2ac61,2025-09-21T10:38:45.932607,delivered,210.66,2025-09-21T10:38:45.932607,2025-09-21T10:38:45.932607
c382c97d-009a-4d80-8999-f87db7f24a88,253b611d-21d5-4480-b56e-6f1285bbe8b0,2025-09-20T19:50:18.104397,cancelled,50.07,2025-09-20T19:50:18.104397,2025-09-20T19:50:18.104397
9687fddf-d19d-406e-8da7-c919c7997fd8,54a9effc-32fa-4540-a32f-382c6fa6533d,2025-09-20T12:59:17.879703,cancelled,108.94,2025-09-20T12:59:17.879703,2025-09-20T12:59:17.879703
a15ff724-c8d1-4ca8-85f0-cf1bc2aeeae2,3167c06b-9dbe-4628-b388-75269d04d47b,2025-09-20T13:43:06.739066,cancelled,54.66,2025-09-20T13:43:06.739066,2025-09-20T13:43:06.739066
cbb126f2-33f4-45dc-8939-7a35a04a56df,06fe77ce-7c3f-4d62-994c-3d854b074fbe,2025-09-21T00:50:27.765090,cancelled,147.57,2025-09-21T00:50:27.765090,2025-09-21T00:50:27.765090
4aca9636-a04c-4206-ab84-93777bb3ed64,3199710d-a77d-40aa-a6ee-b87404f1deaf,2025-09-21T05:35:32.963522,cancelled,56.81,2025-09-21T05:35:32.963522,2025-09-21T05:35:32.963522
78be6a8f-4fb2-4b87-ac4f-82786191d002,d032f6ed-9b8a-4ce3-be4e-255b2168dd50,2025-09-20T18:27:54.777092,delivered,50.07,2025-09-20T18:27:54.777092,2025-09-20T18:27:54.777092
1d67f125-316d-4ef5-a0d3-9400a404cde6,4736c2e8-06c2-4801-a1b6-7c4d3f29d2c5,2025-09-20T15:56:47.650642,pending,68.7,2025-09-20T15:56:47.650642,2025-09-20T15:56:47.650642
d105a451-e38a-4d3e-9633-8bf77452d822,d62e00f5-a4a6-46eb-bb39-9a60495787c3,2025-09-20T18:51:33.404167,pending,180.69,2025-09-20T18:51:33.404167,2025-09-20T18:51:33.404167
304ff047-3fab-494b-9a5b-6c4a03c58cdc,d032f6ed-9b8a-4ce3-be4e-255b2168dd50,2025-09-21T02:57:05.633924,pending,73.49,2025-09-21T02:57:05.633924,2025-09-21T02:57:05.633924
b7f361a4-c9bb-4354-abaa-eb08e60fd244,88913f8b-8a74-48ca-bf57-61617a4a630c,2025-09-20T18:54:55.103328,cancelled,255.65,2025-09-20T18:54:55.103328,2025-09-20T18:54:55.103328
f47bac98-3427-4d80-baa7-fde7e03ef4a9,5b980398-2f45-41a3-9b7b-2f72a332e173,2025-09-21T00:19:42.013012,shipped,240.72,2025-09-21T00:19:42.013012,2025-09-21T00:19:42.013012
6b39bfd2-b770-409d-a267-9e3b960b9931,26d64a1f-1a4e-4f6e-8dc9-2691a5c25d02,2025-09-21T08:50:06.882770,delivered,232.35,2025-09-21T08:50:06.882770,2025-09-21T08:50:06.882770
d5170d06-51eb-4511-87df-0a83f39ddeef,49174496-093c-4c7a-b825-d2f770d4119a,2025-09-20T22:22:56.255052,delivered,38.24,2025-09-20T22:22:56.255052,2025-09-20T22:22:56.255052
3a8b9a68-49ec-4e70-8254-bd3d9017fe20,86f447b4-a7a0-4a84-afad-63ba28861066,2025-09-21T04:44:17.196821,delivered,86.92,2025-09-21T04:44:17.196821,2025-09-21T04:44:17.196821
dccec04d-31b5-498a-997e-f3b205f48bf8,f16750e9-9746-4446-bcc1-6a8ed8013323,2025-09-20T19:03:54.136265,pending,168.7,2025-09-20T19:03:54.136265,2025-09-20T19:03:54.136265
7ab95feb-2785-43ca-a45b-0d46c7432f74,dd8d1361-47be-4258-a801-1f690c98fb80,2025-09-20T23:53:16.458572,pending,183.69,2025-09-20T23:53:16.458572,2025-09-20T23:53:16.458572
88af5a4b-5cf5-4796-95d4-a1d95ab4bc71,5f49ed9e-8b87-4826-a010-eaeed780549c,2025-09-20T17:33:08.095438,shipped,183.19,2025-09-20T17:33:08.095438,2025-09-20T17:33:08.095438
24a3c694-a18b-45e1-8201-36de03490ab9,b6aa377c-6735-49ce-8c53-2fef8aa014e0,2025-09-20T19:37:56.046391,pending,18.84,2025-09-20T19:37:56.046391,2025-09-20T19:37:56.046391
1bfad088-baad-439a-9e16-10f3650ef99a,4736c2e8-06c2-4801-a1b6-7c4d3f29d2c5,2025-09-21T07:47:36.897900,shipped,15.3,2025-09-21T07:47:36.897900,2025-09-21T07:47:36.897900
d4027099-94b0-4f4a-82ee-b715588d6a75,f5396fec-4a54-4f26-a8dd-98dc0bbfe40e,2025-09-21T02:36:38.751395,cancelled,184.49,2025-09-21T02:36:38.751395,2025-09-21T02:36:38.751395
bdd36dd7-4f1a-450f-881a-82e32d7ca578,4736c2e8-06c2-4801-a1b6-7c4d3f29d2c5,2025-09-20T21:18:39.614387,delivered,154.37,2025-09-20T21:18:39.614387,2025-09-20T21:18:39.614387
5b25cde2-8e57-43cf-b3f1-aad07eb5156e,320050eb-f389-44b0-9f75-ab77719dec56,2025-09-21T07:07:53.271810,delivered,153.3,2025-09-21T07:07:53.271810,2025-09-21T07:07:53.271810
102d6acc-76c1-459d-839f-e3da46e8c73b,f9746f4b-7e2c-43fe-8877-59b59abdf9aa,2025-09-21T03:35:40.188753,shipped,201.18,2025-09-21T03:35:40.188753,2025-09-21T03:35:40.188753
4b973e7f-876a-43c6-9476-6fd9394f4682,3bbbc859-d7f9-4890-9dce-ae607d998936,2025-09-20T14:58:13.800158,delivered,112.66,2025-09-20T14:58:13.800158,2025-09-20T14:58:13.800158
3a323eaf-4486-41a3-9ed5-e9d0671552c7,cc759f8b-0a40-4739-b733-74c183f182c6,2025-09-21T03:10:32.636616,shipped,22.5,2025-09-21T03:10:32.636616,2025-09-21T03:10:32.636616
ae04e731-88e1-45e5-a366-907d9e8761e9,d62e00f5-a4a6-46eb-bb39-9a60495787c3,2025-09-21T08:09:37.934705,delivered,171.03,2025-09-21T08:09:37.934705,2025-09-21T08:09:37.934705
6fef75dd-8825-45af-b9e3-f0c9ec4273f1,71c1d676-58cd-4dff-8077-baa7e6463f3b,2025-09-21T03:57:52.123795,pending,91.45,2025-09-21T03:57:52.123795,2025-09-21T03:57:52.123795
e894b9a0-0253-4634-b65b-a4579b7d25bc,f6258da5-759a-471a-8896-f08a1812673a,2025-09-21T09:40:31.391181,cancelled,99.51,2025-09-21T09:40:31.391181,2025-09-21T09:40:31.391181
a0b65534-9f81-494d-b031-1b93786fd844,09abcdd0-d9d4-4691-b5b6-17b1a5bad1e6,2025-09-21T08:19:53.824493,delivered,206.31,2025-09-21T08:19:53.824493,2025-09-21T08:19:53.824493
d26870e5-2ac4-4258-967f-f0c327de179f,dd8d1361-47be-4258-a801-1f690c98fb80,2025-09-21T00:07:06.373700,cancelled,118.37,2025-09-21T00:07:06.373700,2025-09-21T00:07:06.373700
9ab091b7-2703-4417-87d5-8691cda633c3,b6aa377c-6735-49ce-8c53-2fef8aa014e0,2025-09-21T06:58:35.730589,shipped,28.08,2025-09-21T06:58:35.730589,2025-09-21T06:58:35.730589
fcf8d784-9228-40a0-b7b1-de88a16a3109,90aa4f9a-61aa-4269-a738-a73a2f1adc78,2025-09-21T08:53:33.793517,pending,184.62,2025-09-21T08:53:33.793517,2025-09-21T08:53:33.793517
a11ef38c-933d-4bf9-8fdb-6b7825bf54b4,570b8c3e-e269-4cc7-86b7-cdb6e68d6d5d,2025-09-21T07:42:54.881603,delivered,63.98,2025-09-21T07:42:54.881603,2025-09-21T07:42:54.881603
f869a284-4243-4722-a325-455e51ab2c36,531e99e8-d9b0-4e0b-bcea-814b28d1361c,2025-09-20T19:42:11.092549,pending,265.1,2025-09-20T19:42:11.092549,2025-09-20T19:42:11.092549
f0cc08fe-af3f-4408-99cb-703f443e6e8a,ca06db2e-8d5b-40e3-ad32-61f893d48b5c,2025-09-21T10:20:17.185431,shipped,120.45,2025-09-21T10:20:17.185431,2025-09-21T10:20:17.185431
6f1b60e5-3699-4ef3-bdd0-299ed6c0387c,88913f8b-8a74-48ca-bf57-61617a4a630c,2025-09-20T13:51:18.414220,delivered,183.81,2025-09-20T13:51:18.414220,2025-09-20T13:51:18.414220
951809db-c5e0-4800-acf8-507db3377c62,b35fa0f9-4d01-4544-8d45-733b46a9a293,2025-09-20T20:52:48.670828,cancelled,347.36,2025-09-20T20:52:48.670828,2025-09-20T20:52:48.670828
5324eb0f-aaf9-4855-a0a1-e7ffb22c3cad,cee9ffe4-04cf-476b-9bd2-fb7373710581,2025-09-20T14:29:01.987292,cancelled,19.12,2025-09-20T14:29:01.987292,2025-09-20T14:29:01.987292
5a990874-d877-4617-b3d5-51a490df63db,d5213c2e-5854-4b0b-b702-4ccb3c18969f,2025-09-20T21:14:16.871373,delivered,93.59,2025-09-20T21:14:16.871373,2025-09-20T21:14:16.871373
f9cbc57c-5e97-4bdf-8eb8-c9f96dd4fe89,382fec63-29b1-4c37-885e-d4d3218217b6,2025-09-20T18:05:46.191395,pending,138.94,2025-09-20T18:05:46.191395,2025-09-20T18:05:46.191395
d3143a1d-487d-428a-bba0-b859c1e2cb26,e4186dad-2047-4f48-a576-ae050e559ef2,2025-09-20T20:18:01.036469,pending,28.7,2025-09-20T20:18:01.036469,2025-09-20T20:18:01.036469
7560608d-440b-4923-857c-7f5013353ff8,b35fa0f9-4d01-4544-8d45-733b46a9a293,2025-09-20T19:04:11.979884,pending,208.15,2025-09-20T19:04:11.979884,2025-09-20T19:04:11.979884
ccd00971-ad9d-4ba7-8581-64a66d9a9750,b6aa377c-6735-49ce-8c53-2fef8aa014e0,2025-09-21T04:29:12.717857,shipped,241.42,2025-09-21T04:29:12.717857,2025-09-21T04:29:12.717857
a963c5f9-0863-4383-80cc-3be014efe3d9,3e516e0f-f497-4f91-ae37-757781127b4b,2025-09-21T11:10:14.992242,cancelled,94.96,2025-09-21T11:10:14.992242,2025-09-21T11:10:14.992242
c4210abc-dc34-4b11-8686-16d47e988d26,b9599654-2bf2-48e8-bd06-ac822400e392,2025-09-20T22:24:55.225707,cancelled,138.24,2025-09-20T22:24:55.225707,2025-09-20T22:24:55.225707
3c6da7c2-abbc-42f0-9e7c-fa3e221d7149,c05d5a37-2587-4aed-b43f-aab25cb58979,2025-09-21T08:16:25.212220,cancelled,82.47,2025-09-21T08:16:25.212220,2025-09-21T08:16:25.212220
f9431549-1a7b-4195-b961-1fe0311312c2,0efd7ed8-87a5-4e31-bf8b-7335b15a26cb,2025-09-20T16:22:04.043242,delivered,19.56,2025-09-20T16:22:04.043242,2025-09-20T16:22:04.043242
f88290fa-9de1-4289-8d3c-375a6b24b918,320050eb-f389-44b0-9f75-ab77719dec56,2025-09-20T14:37:59.997029,delivered,85.72,2025-09-20T14:37:59.997029,2025-09-20T14:37:59.997029
d9c7f383-07b2-4a3f-b43d-fcecbd816b5c,7de9498a-1692-4936-93f1-e8166efc246a,2025-09-21T11:58:42.673339,delivered,207.32,2025-09-21T11:58:42.673339,2025-09-21T11:58:42.673339
cfa6e6ab-2cc1-49ef-83cd-650f7405dda9,88913f8b-8a74-48ca-bf57-61617a4a630c,2025-09-21T11:49:32.900542,delivered,64.62,2025-09-21T11:49:32.900542,2025-09-21T11:49:32.900542
30aef885-d432-458a-a0b3-291e6beadbbc,faf546e4-9493-4beb-ae59-dabf1412592d,2025-09-21T02:30:10.898558,pending,89.47,2025-09-21T02:30:10.898558,2025-09-21T02:30:10.898558
f1389a16-9b41-424b-a0ac-36899f8a138a,67d2e925-796a-4a10-a401-e8bc51d9d64d,2025-09-20T19:39:50.468615,pending,180.63,2025-09-20T19:39:50.468615,2025-09-20T19:39:50.468615
9b5b7543-9e5b-4c15-8d56-b4bca9fc44a0,cee9ffe4-04cf-476b-9bd2-fb7373710581,2025-09-21T08:37:11.255796,pending,119.68,2025-09-21T08:37:11.255796,2025-09-21T08:37:11.255796
0cfc99c9-38ea-4f29-b877-68e84318da4f,0a8c22e7-2cec-4f0c-a632-b3dbacde68d4,2025-09-21T05:09:21.711165,pending,31.75,2025-09-21T05:09:21.711165,2025-09-21T05:09:21.711165
1a3520b1-b4fe-4d4c-ab63-6b988e02a208,e4186dad-2047-4f48-a576-ae050e559ef2,2025-09-20T23:11:28.032549,pending,210.78,2025-09-20T23:11:28.032549,2025-09-20T23:11:28.032549
e45fa203-5a7c-45eb-820e-2fce875e26fb,31f09f52-0218-484c-bb58-e4c2ea466e29,2025-09-20T21:40:03.997936,cancelled,43.52,2025-09-20T21:40:03.997936,2025-09-20T21:40:03.997936
7de8dbdb-91da-4296-bf90-134708760c02,ff2e0e91-b752-4356-8c82-cf64351324ab,2025-09-20T14:53:02.629687,pending,317.1,2025-09-20T14:53:02.629687,2025-09-20T14:53:02.629687
243da0c4-2af5-42a4-b420-78402b621ccb,ca268dad-13e6-425c-a65b-78a5a672b548,2025-09-20T18:47:55.834083,pending,115.02,2025-09-20T18:47:55.834083,2025-09-20T18:47:55.834083
ab07638f-495a-4e5d-8080-ac7d7104491b,def12dcd-da02-43e9-a68a-79a4315d7ecf,2025-09-20T18:25:20.045189,shipped,72.53,2025-09-20T18:25:20.045189,2025-09-20T18:25:20.045189
3c3c0ede-fcfa-48f3-80f2-d267e1435b9a,c6391ac6-056d-4567-9e8c-b3a0f1641db6,2025-09-21T05:03:42.617434,shipped,196.62,2025-09-21T05:03:42.617434,2025-09-21T05:03:42.617434
d4a7b149-d9a2-4fab-ae35-09ac4db8abe0,0f5acf22-3eed-4b32-8ca7-bc41aa9681f3,2025-09-20T15:00:54.255747,cancelled,195.92,2025-09-20T15:00:54.255747,2025-09-20T15:00:54.255747
f6f06896-7986-42e9-804d-d6305a3cc9ce,0a8c22e7-2cec-4f0c-a632-b3dbacde68d4,2025-09-21T01:30:48.628073,shipped,112.29,2025-09-21T01:30:48.628073,2025-09-21T01:30:48.628073
578efb1e-fe2b-4793-9df7-192d4f94487f,7de9498a-1692-4936-93f1-e8166efc246a,2025-09-21T11:44:19.416953,shipped,155.03,2025-09-21T11:44:19.416953,2025-09-21T11:44:19.416953
1628ee32-58de-4486-86fd-4802a336e0e9,940f6578-3344-4692-8fae-7d41ddc047bb,2025-09-21T05:38:58.224244,cancelled,174.3,2025-09-21T05:38:58.224244,2025-09-21T05:38:58.224244
1f979d20-c36c-446b-8e7d-8eff0bfc686a,513a197a-9d8f-4300-9c18-8b931de2ac61,2025-09-20T14:34:18.263202,pending,54.81,2025-09-20T14:34:18.263202,2025-09-20T14:34:18.263202
78e87971-8f38-4419-980e-608b5be9b99d,0a8c22e7-2cec-4f0c-a632-b3dbacde68d4,2025-09-21T05:35:55.954832,pending,16.69,2025-09-21T05:35:55.954832,2025-09-21T05:35:55.954832
7e0c6734-4066-4967-9828-e2f25773c2cf,d032f6ed-9b8a-4ce3-be4e-255b2168dd50,2025-09-21T08:01:51.898849,pending,30.36,2025-09-21T08:01:51.898849,2025-09-21T08:01:51.898849
ce1d3742-dfc1-493c-b33b-a91c8329ea91,c36edc17-8cb5-4efb-8ce8-127621e1ce82,2025-09-21T10:53:36.215710,pending,56.52,2025-09-21T10:53:36.215710,2025-09-21T10:53:36.215710
238a65e1-e90a-463e-823b-b6076380948d,1bf7a504-8e04-464f-9af1-06ce1001c25a,2025-09-21T05:46:20.409510,cancelled,42.86,2025-09-21T05:46:20.409510,2025-09-21T05:46:20.409510
a59e29b2-7127-4ca7-8231-c1aea979239a,e4186dad-2047-4f48-a576-ae050e559ef2,2025-09-20T19:52:48.361410,delivered,180.06,2025-09-20T19:52:48.361410,2025-09-20T19:52:48.361410
340aab99-65a4-42fd-a40c-21dc7721badc,b35fa0f9-4d01-4544-8d45-733b46a9a293,2025-09-21T03:38:09.408085,delivered,37.71,2025-09-21T03:38:09.408085,2025-09-21T03:38:09.408085
428daff0-4fa7-4cbe-b739-b2f93bea0541,54a9effc-32fa-4540-a32f-382c6fa6533d,2025-09-20T22:41:05.102377,delivered,244.41,2025-09-20T22:41:05.102377,2025-09-20T22:41:05.102377
6b62c3d7-f1a5-457b-8587-67b6c8028fd4,1322a9ff-0514-49e4-b400-bc69bf5a558c,2025-09-21T03:18:07.134448,cancelled,43.16,2025-09-21T03:18:07.134448,2025-09-21T03:18:07.134448
705313b6-aaa6-46df-bbcd-75e35dd16aa8,ec970dff-0e9d-4782-b16c-866768c08865,2025-09-21T04:30:27.712756,pending,178.48,2025-09-21T04:30:27.712756,2025-09-21T04:30:27.712756
8f850468-fdc5-442d-ac58-46d1c39ac9b2,d5213c2e-5854-4b0b-b702-4ccb3c18969f,2025-09-20T23:39:09.110594,delivered,61.98,2025-09-20T23:39:09.110594,2025-09-20T23:39:09.110594
87570962-9839-47a1-913a-db319b78d80d,ca06db2e-8d5b-40e3-ad32-61f893d48b5c,2025-09-21T02:11:40.811319,shipped,80.9,2025-09-21T02:11:40.811319,2025-09-21T02:11:40.811319
3ccf43b9-93a4-4e58-947c-06cdf779f647,5ee8a32f-500b-43dd-b4fd-5ce62fe9a845,2025-09-20T20:10:32.255565,shipped,209.56,2025-09-20T20:10:32.255565,2025-09-20T20:10:32.255565
53dbe0ad-41e1-4d34-9f75-f405c8827231,f5396fec-4a54-4f26-a8dd-98dc0bbfe40e,2025-09-20T21:36:52.415555,pending,191.34,2025-09-20T21:36:52.415555,2025-09-20T21:36:52.415555
f95feddb-c344-4408-8b8e-43583d459d4c,fc7274a0-b820-4a40-a9f5-27396a441484,2025-09-21T01:18:30.692110,pending,205.8,2025-09-21T01:18:30.692110,2025-09-21T01:18:30.692110
5d8a0e95-5ed6-4e67-bad8-20cb163615af,e1e3ae5c-7b9a-474f-8a3c-4f8848479b70,2025-09-21T06:41:01.351208,shipped,185.98,2025-09-21T06:41:01.351208,2025-09-21T06:41:01.351208
969905a6-591e-4a95-9ae5-9e3369004a69,3e516e0f-f497-4f91-ae37-757781127b4b,2025-09-20T14:52:59.783257,pending,152.19,2025-09-20T14:52:59.783257,2025-09-20T14:52:59.783257
76971eb9-dedf-43d6-9068-b26e2030edfe,c33be688-4285-4a98-8330-b55494af9528,2025-09-20T20:16:23.970475,delivered,71.84,2025-09-20T20:16:23.970475,2025-09-20T20:16:23.970475
692a7fc2-fe94-4fcd-99e4-ef6636574add,cc759f8b-0a40-4739-b733-74c183f182c6,2025-09-21T09:33:18.026781,cancelled,185.91,2025-09-21T09:33:18.026781,2025-09-21T09:33:18.026781
5c198892-eaf3-42db-b088-726e02aa7b08,90aa4f9a-61aa-4269-a738-a73a2f1adc78,2025-09-20T17:07:42.122902,pending,78.58,2025-09-20T17:07:42.122902,2025-09-20T17:07:42.122902
a4cc626c-0c68-496a-b46c-9f3f97452379,c3b2c643-ca9a-4e61-be3c-e4aaef0922f7,2025-09-21T12:41:42.601068,pending,91.26,2025-09-21T12:41:42.601068,2025-09-21T12:41:42.601068
b997b503-4f47-4ad4-85be-e37ac521ec5d,d5213c2e-5854-4b0b-b702-4ccb3c18969f,2025-09-21T12:25:01.406649,cancelled,78.33,2025-09-21T12:25:01.406649,2025-09-21T12:25:01.406649
447a11d3-e29a-4bd7-a183-83badcffe5b0,c7d1f8b5-a838-411e-8064-0a7e646826b7,2025-09-21T11:40:47.875537,delivered,85.16,2025-09-21T11:40:47.875537,2025-09-21T11:40:47.875537
068a139b-ef17-4947-a74f-aa6ac908ef59,64f0d41b-f397-4577-9787-8dfa631159d6,2025-09-21T06:07:57.836105,delivered,64.21,2025-09-21T06:07:57.836105,2025-09-21T06:07:57.836105
68ee790d-9f6a-4975-9cc7-037c30eec071,ec350dbd-0cc4-4cd8-aad9-70039b1c6274,2025-09-21T05:12:32.557312,cancelled,155.35,2025-09-21T05:12:32.557312,2025-09-21T05:12:32.557312
3ec46126-3061-46fd-ab29-7b5005d2dd92,b7c16cbe-2944-41fe-91a8-07d1a246d96b,2025-09-21T04:08:23.394628,cancelled,126.04,2025-09-21T04:08:23.394628,2025-09-21T04:08:23.394628
d4f096bd-8e5e-42aa-949f-c02c2a2f57bb,5b980398-2f45-41a3-9b7b-2f72a332e173,2025-09-21T02:54:34.322286,shipped,189.7,2025-09-21T02:54:34.322286,2025-09-21T02:54:34.322286
596c5f30-9d9a-4757-b329-bfd2b6952506,4736c2e8-06c2-4801-a1b6-7c4d3f29d2c5,2025-09-20T16:39:06.997308,pending,494.59,2025-09-20T16:39:06.997308,2025-09-20T16:39:06.997308
bb3d31ca-b9f1-4dbf-8499-d59347263c79,88913f8b-8a74-48ca-bf57-61617a4a630c,2025-09-21T10:23:06.628191,pending,184.59,2025-09-21T10:23:06.628191,2025-09-21T10:23:06.628191
ad4c4578-9e2c-42b5-9c94-705ee1e39816,88c242d1-8e2e-4874-b588-80af75f2cfdf,2025-09-21T01:59:05.768889,shipped,111.32,2025-09-21T01:59:05.768889,2025-09-21T01:59:05.768889
3df0302b-d64c-461f-86b4-91d342ac724c,cc759f8b-0a40-4739-b733-74c183f182c6,2025-09-21T10:28:17.873330,cancelled,185.25,2025-09-21T10:28:17.873330,2025-09-21T10:28:17.873330
